0.72123,0.59916,2.3174,2.9884,0.73983,0.6726,0.48177,0.79755,1.0624,0.67902
0.69027,0.61689,2.2481,2.9209,0.79929,0.68447,0.47851,0.86855,1.0612,0.62289
0.654,0.62658,2.2458,2.937,0.80897,0.66211,0.47015,0.9324,1.0382,0.56601
0.64338,0.61626,2.2991,3.0572,0.81276,0.65214,0.47048,0.92989,1.0049,0.55003
0.67969,0.6197,2.3587,3.1683,0.8124,0.67686,0.47758,0.91949,1.0566,0.60627
0.71733,0.62115,2.3812,3.0862,0.78795,0.69321,0.47532,0.85661,1.098,0.67919
0.73422,0.60594,2.3107,2.9401,0.76502,0.68071,0.47995,0.79085,1.0823,0.69683
0.72393,0.59261,2.17,2.7707,0.73342,0.65696,0.488,0.76265,1.0652,0.67091
0.68813,0.57143,1.9947,2.513,0.69575,0.66036,0.49046,0.72574,1.0157,0.62226
0.65674,0.55484,1.8426,2.3048,0.69195,0.65894,0.48973,0.71372,0.93838,0.5621
0.60797,0.52669,1.8714,2.3738,0.67739,0.63075,0.47648,0.67633,0.87523,0.51213
0.57404,0.51936,1.9408,2.5005,0.68056,0.60292,0.46841,0.66382,0.85861,0.47971
0.54285,0.51172,1.8832,2.4771,0.67867,0.57156,0.4754,0.65635,0.84962,0.45824
0.55315,0.50744,1.8039,2.4756,0.68848,0.55299,0.49862,0.67907,0.84908,0.45762
0.5685,0.51536,1.81,2.6307,0.68799,0.54598,0.50405,0.73809,0.8499,0.45225
0.59898,0.51538,2.0351,2.9518,0.67833,0.54882,0.49042,0.75859,0.85397,0.45602
0.63426,0.51616,2.1651,2.9464,0.67323,0.54582,0.47097,0.79983,0.85534,0.46356
0.67552,0.5255,2.1781,2.8028,0.71661,0.5411,0.45836,0.81058,0.87239,0.47327
0.69978,0.54145,2.0582,2.5976,0.72196,0.53307,0.50144,0.82954,0.90566,0.48578
0.73066,0.53942,2.0509,2.426,0.74515,0.53153,0.66018,0.85776,0.91977,0.49608
0.73725,0.53356,2.0128,2.3389,0.74766,0.54843,0.72347,0.87409,0.93662,0.50772
0.73809,0.53176,1.9316,2.3096,0.73239,0.56845,0.73054,0.9208,0.95439,0.51489
0.72606,0.53911,2.0158,2.6163,0.74066,0.58968,0.71119,0.93595,0.99505,0.52157
0.72957,0.55512,2.351,3.04,0.80105,0.60892,0.70143,0.94126,1.0837,0.55633
0.74371,0.56882,2.4756,3.1333,0.85262,0.63125,0.78795,0.95174,1.1415,0.57738
0.75012,0.55175,2.4226,3.1535,0.85263,0.63619,0.84693,0.9278,1.1485,0.57977
0.73237,0.53228,2.2984,3.1182,0.83488,0.65685,0.84126,0.90993,1.1304,0.57064
0.7166,0.52239,2.1707,3.0505,0.85491,0.68307,0.78243,0.90341,1.0834,0.54601
0.7147,0.5068,2.1296,3.1341,0.85945,0.75995,0.76183,0.8585,1.0627,0.51347
0.72104,0.49578,2.1678,3.2349,NaN,0.87291,0.75163,0.83134,1.0324,0.47769
0.69871,0.48109,2.1778,3.2966,NaN,0.89409,0.70873,0.84682,0.9872,0.44775
0.69436,0.46459,2.1645,3.273,NaN,0.84387,0.66113,0.8459,0.95734,0.43966
0.68971,0.4507,2.3442,3.236,NaN,0.75679,0.60808,0.82962,0.94488,0.43075
0.68135,0.45072,2.5298,3.1332,NaN,0.68159,0.56762,0.82138,0.98417,0.42111
0.6914,0.47041,2.5572,3.0744,NaN,0.67284,0.55426,0.84174,1.0137,0.41699
0.70022,0.49003,2.4655,3.081,NaN,0.66196,0.5507,0.90856,1.0308,0.43642
0.68286,0.48157,2.416,3.0478,NaN,0.64716,0.56221,0.91443,1.0487,0.47031
0.67024,0.47015,2.3899,2.9678,NaN,0.62867,0.58126,0.90145,1.059,0.48712
0.66283,0.46057,2.3813,3.1216,NaN,0.64635,0.57936,0.89494,1.1044,0.49423
0.66922,0.45796,2.3762,3.2891,NaN,0.68011,0.58077,0.89755,1.1343,0.50531
0.64762,0.4712,2.2594,3.3746,NaN,0.69928,0.55,0.8516,1.0847,0.49185
0.62072,0.4864,2.4253,3.62,NaN,0.70517,0.51563,0.79428,1.0366,0.4655
0.62052,0.52947,2.6146,3.7708,NaN,0.73799,0.48584,0.79204,1.0112,0.44787
0.64287,0.56425,2.7574,3.5555,NaN,0.74488,0.45996,0.77817,1.0028,0.43397
0.67953,0.58722,2.9741,3.4089,NaN,0.73791,0.45695,0.82313,1.009,0.42952
0.68631,0.58563,2.9184,3.2282,NaN,0.87854,0.47739,0.88726,1.0202,0.43426
0.70574,0.58043,2.7199,3.1118,NaN,0.92892,0.50703,0.88787,0.9965,0.44841
0.71723,0.57213,2.5918,3.0791,NaN,0.96365,0.53541,0.91155,0.9805,0.46854
0.71407,0.5733,2.4327,2.9311,NaN,0.972,0.56026,0.95692,1.0196,0.51696
0.70337,0.5755,2.5842,2.973,NaN,0.94092,0.56099,0.97443,1.0504,0.56971
0.71503,0.58982,2.7874,3.3167,NaN,0.89793,0.55768,0.99699,1.1094,0.66395
0.75853,0.58761,2.8399,3.5746,NaN,0.81968,0.57897,0.98585,1.1583,0.7378
0.75044,0.56274,2.6388,3.7193,NaN,0.79804,0.57275,0.9788,1.1776,0.74789
0.70975,0.54442,2.4779,3.6442,NaN,0.76868,0.5869,0.96702,1.151,0.70611
0.89524,0.55657,2.7422,3.8447,NaN,0.72976,1.107,0.93982,1.1803,0.67122
1.2259,0.57276,2.9634,4.2653,NaN,0.70026,1.9807,0.95403,1.2592,0.6572
1.3755,0.59785,2.914,4.274,NaN,0.69704,2.5939,0.95107,1.2338,0.6484
1.3299,0.61918,2.7401,4.11,NaN,0.69943,2.5344,0.91113,1.1722,0.62605
1.1938,0.63236,2.4921,3.7641,NaN,0.69763,2.1384,0.87233,1.1104,0.59857
1.0409,0.60552,2.4372,3.5819,NaN,0.66202,1.6793,0.83586,1.0897,0.56658
0.9317,0.5818,2.5927,3.4554,NaN,0.6323,1.2882,0.78342,1.0606,0.51368
0.85864,0.55337,2.6774,3.341,NaN,0.63177,1.0258,0.74984,1.0369,0.48159
0.80744,0.54156,2.6855,3.3553,NaN,0.65949,0.87724,0.74452,1.027,0.4706
0.76219,0.54357,2.8629,3.6642,NaN,0.68806,0.86049,0.7949,1.0126,0.4988
0.73059,0.56254,3.1954,3.9084,NaN,0.74533,0.9299,0.8638,1.075,0.53968
0.69046,0.62147,3.3295,3.8781,1.246,0.79133,0.88393,0.93791,1.0765,0.55602
0.66236,0.66064,3.1614,3.734,1.4449,0.81953,0.80356,0.97169,1.0449,0.54374
0.68522,0.67347,3.0078,3.888,1.5056,0.84686,0.71271,0.96607,1.0488,0.52268
0.70142,0.73196,2.8229,4.332,1.4086,0.81584,0.63585,0.96305,1.0658,0.52346
0.70433,0.74999,2.5752,4.4707,1.3011,0.7612,0.57881,0.96024,1.067,0.53883
0.73257,0.72478,2.256,4.2324,1.2417,0.69683,0.57362,0.94231,1.0593,0.54945
0.76769,0.70888,2.0096,3.9662,1.1472,0.71949,0.56279,0.95686,1.009,0.53067
0.80658,0.72363,2.0026,3.9034,1.0863,0.81515,0.60049,0.98827,1.0168,0.52571
0.85112,0.70069,2.092,3.6977,1.1417,0.84229,0.61966,0.9586,1.044,0.52186
0.83794,0.65381,2.1842,3.7159,1.1388,0.83822,0.60912,0.90147,1.053,0.52582
0.81032,0.60462,2.2133,3.6884,1.0645,0.86637,0.59906,0.91339,1.051,0.53372
0.78103,0.57261,2.1841,3.5598,0.9805,0.87173,0.57147,0.92721,1.0202,0.51964
0.74687,0.56502,2.2796,3.5065,0.97916,0.83017,0.55035,0.87821,1.0087,0.49123
0.70488,0.57341,2.3619,3.4481,0.98379,0.80323,0.53264,0.82806,1.0053,0.47721
0.66868,0.59896,2.4533,3.5476,0.99706,0.79304,0.53412,0.84116,0.9952,0.46371
0.67566,0.59959,2.4637,3.6745,1.0601,0.8077,0.54588,0.8644,0.99268,0.46323
0.70249,0.59198,2.417,3.6325,1.142,0.78784,0.55435,0.86352,0.99974,0.46633
0.7243,0.57838,2.4343,3.6277,1.1425,0.73812,0.54414,0.82787,1.0135,0.44184
0.72477,0.55466,2.4726,3.8095,1.1474,0.67174,0.54382,0.8398,1.0086,0.42103
0.73875,0.53942,2.6951,3.8821,1.2285,0.64002,0.56307,0.89051,1.0502,0.40773
0.72419,0.52799,3.0052,4.2336,1.212,0.6733,0.56416,0.90781,1.0922,0.43062
0.70408,0.55263,3.2067,5.1056,1.178,0.77574,0.55058,0.9114,1.1095,0.50875
0.70213,0.58538,3.1013,5.2288,1.1057,0.86916,0.54232,0.9193,1.1092,0.54655
0.70145,0.57489,2.8936,4.8833,1.0174,0.8688,0.52938,0.88796,1.0764,0.55275
0.71412,0.55147,2.7007,4.6895,0.94472,0.91385,0.51329,0.85673,1.0734,0.58097
0.70627,0.53462,2.5741,4.6368,0.89298,0.95807,0.49299,0.83275,1.0622,0.58036
0.68699,0.54908,2.4549,4.5246,0.85217,0.97066,0.48552,0.82759,1.0546,0.58689
0.68795,0.57524,2.3563,4.3599,0.83993,1.0329,0.49035,0.84347,1.0607,0.58193
0.73749,0.65016,2.7151,4.5619,0.80666,1.0377,0.51544,0.89526,1.198,0.60548
0.76046,0.67867,2.882,4.4013,0.76949,0.98917,0.52547,0.98516,1.2541,0.59889
0.74558,0.68174,2.7533,4.0151,0.73142,0.92481,0.54001,0.98475,1.2303,0.56456
0.74295,0.65617,2.5308,3.5063,0.78609,0.86154,0.56105,0.97143,1.2023,0.53306
0.73851,0.61281,2.4479,3.0684,0.80902,0.80017,0.5597,0.92295,1.1641,0.51362
0.73397,0.59751,2.5785,3.0342,0.7968,0.82338,0.5676,0.94129,1.1461,0.54863
0.70808,0.6036,2.5112,3.1397,0.79454,0.84504,0.56732,0.94975,1.102,0.61881
0.68899,0.61487,2.2527,3.1224,0.7948,0.86005,0.55147,0.94161,1.0604,0.70512
0.71924,0.62702,2.1501,3.3723,0.83415,0.88308,0.57047,0.96339,1.0413,0.72297
0.76441,0.63694,2.1875,3.7141,0.95199,0.90063,0.60464,0.95251,1.0309,0.70252
0.7598,0.65933,2.1299,3.735,0.97834,0.93113,0.61409,0.97788,1.0236,0.66942
0.76216,0.64649,2.1229,3.532,0.94313,0.93744,0.60525,0.95933,1.0464,0.63641
0.73537,0.60947,2.1221,3.2814,0.88175,0.93083,0.58601,0.91206,1.0821,0.59965
0.73252,0.58981,2.256,3.6024,0.82571,0.89331,0.56741,0.88869,1.1338,0.56731
0.74055,0.60745,2.5357,4.4657,0.77661,0.83271,0.5645,0.85488,1.2023,0.55038
0.73108,0.62488,2.7184,4.7397,0.74032,0.80281,0.54775,0.83079,1.1671,0.53131
0.70977,0.63192,2.7769,4.7447,0.75578,0.8036,0.51571,0.8251,1.1194,0.51839
0.67507,0.62262,2.6886,4.623,0.74522,0.79489,0.47688,0.79243,1.0504,0.49905
0.64232,0.61078,2.5447,4.3044,0.72414,0.75194,0.45119,0.80145,1.0021,0.49636
0.63071,0.60294,2.2802,3.788,0.73821,0.72345,0.45371,0.85588,1.0055,0.50777
0.64098,0.62462,2.1506,3.4134,0.80257,0.7314,0.48102,0.944,1.0725,0.52805
0.66016,0.62554,2.079,3.1445,0.82669,0.75379,0.49748,0.99272,1.0657,0.53757
0.6606,0.60739,2.1472,3.1893,0.80555,0.78822,0.51246,0.98484,1.0311,0.55217
0.64409,0.61453,2.0962,3.1137,0.80084,0.81803,0.5236,0.94991,1.0052,0.5966
0.62365,0.62844,2.0375,2.9731,0.80695,0.80725,0.52212,0.89753,0.95785,0.61692
0.63448,0.61792,2.0627,2.8085,0.82253,0.81264,0.52602,0.87044,0.94561,0.60938
0.67289,0.61052,2.1049,2.7354,0.80177,0.79765,0.53832,0.8695,0.92827,0.57898
0.68944,0.59023,2.1273,2.8817,0.76938,0.74133,0.54146,0.84806,0.89244,0.5365
0.69509,0.57989,2.4043,3.2143,0.86566,0.69247,0.52543,0.81526,0.88421,0.49802
0.68223,0.59741,2.4131,3.2124,0.91856,0.67891,0.51427,0.81442,0.88967,0.48228
0.67994,0.62611,2.2602,3.1588,0.90954,0.72721,0.50583,0.83019,0.91726,0.47907
0.67847,0.64183,2.3534,3.6033,0.85939,0.82006,0.48474,0.87432,0.91357,0.46141
0.66627,0.6507,2.6237,3.9409,0.89212,0.87623,0.49051,0.89751,0.91579,0.45643
0.6552,0.62892,2.926,4.236,0.94816,0.92146,0.49602,0.96198,0.92961,0.45355
0.64068,0.59542,2.7973,4.3121,0.92799,0.90751,0.49194,0.9958,0.92561,0.47036
0.62059,0.5616,2.4469,3.9841,0.85652,0.91045,0.47674,0.96275,0.91499,0.46377
0.59339,0.53552,2.1184,3.718,0.78077,0.97567,0.45775,0.90551,0.92014,0.44829
0.59645,0.55316,2.1256,3.8818,0.73931,1.0215,0.4585,0.8783,0.98652,0.47397
0.59334,0.56745,2.0761,4.0052,0.72708,0.95571,0.46133,0.86702,1.019,0.49332
0.6118,0.56489,1.9994,3.9026,0.7253,0.86775,0.45626,0.90627,1.0118,0.50283
0.61247,0.54683,1.9544,3.6305,0.74239,0.84225,0.45329,0.92342,0.94918,0.47956
0.61869,0.55554,2.0458,3.4759,0.73762,0.87967,0.44891,0.99871,0.9231,0.44014
0.65583,0.58985,2.0932,3.2683,0.73895,0.91161,0.45217,1.0463,0.91095,0.41564
0.69705,0.62602,2.1478,3.0409,0.75916,1.006,0.46967,1.0291,0.90879,0.41882
0.71391,0.65138,2.0595,2.7711,0.81188,1.107,0.48406,0.97403,0.90598,0.41914
0.74176,0.65934,2.0627,2.7532,0.82117,1.0718,0.52778,0.91096,0.91845,0.4254
0.75331,0.6538,2.0118,2.7901,0.81548,0.98839,0.55851,0.84743,0.93304,0.43745
0.73437,0.61879,1.9231,2.7654,0.79379,0.88005,0.56431,0.77257,0.92878,0.43876
0.70481,0.60145,2.0296,2.8341,0.78028,0.79486,0.5577,0.78305,0.95066,0.45022
0.70962,0.60618,2.2064,2.7969,0.83401,0.73271,0.57714,0.80956,0.95359,0.46054
0.69091,0.65243,2.1588,2.5974,0.84663,0.83039,0.57946,0.8971,0.94572,0.4749
0.68984,0.74537,2.0694,2.679,0.92644,1.023,0.58527,1.0437,0.97412,0.51219
0.68844,0.77224,1.9692,3.1425,1.0229,1.2188,0.60108,1.2119,0.99604,0.52725
0.72515,0.76269,1.9476,3.4695,1.0241,1.5232,0.61561,1.3071,1.0669,0.52913
0.74225,0.74318,1.9043,3.5086,0.99309,1.5876,0.60881,1.2798,1.0991,0.51962
0.75164,0.77262,1.7969,3.3412,0.97282,1.7138,0.60159,1.3644,1.088,0.50495
0.74754,0.78425,1.8073,3.166,0.92242,1.6449,0.57309,1.3537,1.086,0.51302
0.74583,0.77039,2.2481,3.3296,0.87205,1.4882,0.53319,1.2654,1.1042,0.53218
0.74974,0.76116,2.4924,3.5866,0.85106,1.3377,0.52398,1.1706,1.0987,0.58203
0.74194,0.7579,2.5124,3.6452,0.83746,1.2279,0.51428,1.0901,1.0825,0.63418
0.71954,0.70806,2.4966,3.4846,0.81427,1.0732,0.50216,1.0058,1.0557,0.63822
0.69781,0.6566,2.5248,3.4691,0.81162,0.92579,0.49687,0.98309,1.0279,0.60601
0.66338,0.60412,2.4663,3.3812,0.82444,0.83221,0.48341,0.98637,1.0082,0.58452
0.64934,0.54993,2.4146,3.1738,0.81053,0.75738,0.4606,0.98028,0.9689,0.53822
0.63932,0.51835,2.3543,3.1295,0.78311,0.68742,0.45387,0.9461,0.96156,0.51793
0.66285,0.51427,2.4811,3.5776,0.7913,0.68189,0.45913,0.91974,0.9988,0.5103
0.6745,0.53477,2.5469,3.9819,0.7753,0.77449,0.46797,0.9314,1.0226,0.49315
0.67741,0.55008,2.537,3.9256,0.74529,0.80054,0.46302,0.97422,1.0213,0.48027
0.67658,0.55111,2.4775,3.7781,0.70886,0.78878,0.45916,0.98237,1.0245,0.48061
0.65478,0.54988,2.2676,3.7042,0.65818,0.7722,0.44839,0.95535,1.0028,0.50062
0.64263,0.55754,2.0789,3.588,0.65277,0.76673,0.45046,0.92304,0.97023,0.51488
0.63695,0.56075,2.1508,3.6691,0.67805,0.72752,0.44885,0.88448,0.9375,0.51447
0.65062,0.57175,2.4727,3.7293,0.70244,0.70585,0.44772,0.86768,0.94025,0.51786
0.64256,0.58848,2.5582,3.5629,0.701,0.69136,0.43983,0.85398,0.95592,0.51434
0.63449,0.59251,2.4625,3.4769,0.67471,0.70468,0.43648,0.87432,0.95491,0.50839
0.62035,0.58294,2.5388,3.5762,0.71038,0.78622,0.42154,0.87532,0.93284,0.49485
0.61944,0.56721,2.6679,3.6076,0.85898,0.83933,0.43702,0.88511,0.88587,0.4852
0.65073,0.55833,2.6666,3.5818,1.0826,0.88653,0.49205,0.92525,0.87268,0.48128
0.65555,0.53235,2.5472,3.632,1.1401,0.87098,0.52112,0.95463,0.8801,0.48489
0.66674,0.53264,2.4215,3.689,1.099,0.83801,0.5328,0.95447,0.95503,0.50457
0.69298,0.55046,2.4931,3.9852,1.0179,0.80352,0.52758,0.91629,0.9942,0.52273
0.67392,0.53503,2.457,3.9409,0.9081,0.78034,0.51366,0.85055,0.98188,0.5186
0.64901,0.51926,2.3706,3.7046,0.8139,0.76506,0.49196,0.82287,0.95563,0.50153
0.6455,0.51403,2.2483,3.4821,0.7473,0.76499,0.47791,0.85714,0.92482,0.48256
0.61892,0.51951,2.0791,3.2818,0.69747,0.79142,0.46148,0.95709,0.90568,0.47524
0.62237,0.52814,1.892,3.2161,0.68831,0.80475,0.47746,1.0557,0.92375,0.48048
0.62781,0.53844,1.9181,3.2415,0.74687,0.81832,0.50266,1.1111,0.96673,0.50145
0.63913,0.54214,1.9417,3.3406,0.79435,0.86261,0.51001,1.1212,1.0029,0.50555
0.6341,0.52461,2.027,3.4418,0.79065,0.88894,0.52483,1.0776,1.0357,0.50088
0.64425,0.53453,2.1581,3.5608,0.79351,0.87371,0.53744,1.0033,1.0503,0.51004
0.6536,0.55693,2.2186,3.6701,0.7774,0.8173,0.54586,0.93039,1.0421,0.52566
0.67772,0.58785,2.0992,3.4859,0.79509,0.83766,0.56798,0.88194,1.0099,0.52999
0.71306,0.59053,2.2292,3.3059,0.82249,0.83158,0.57129,0.88407,0.97972,0.52528
0.7244,0.58382,2.2805,3.0896,0.82059,0.79533,0.55729,0.89613,0.93233,0.48765
0.71143,0.57479,2.3278,2.8358,0.85615,0.80179,0.52034,0.94401,0.89044,0.43919
0.69507,0.58423,2.2946,2.6854,0.87152,0.82186,0.50051,1.3012,0.89356,0.4044
0.69495,0.59673,2.1438,2.5405,0.83753,0.82549,0.49353,1.7187,0.89384,0.40192
0.67599,0.57191,2.0074,2.4186,0.75879,0.80537,0.48512,1.7626,0.90068,0.41629
0.65373,0.54869,1.9746,2.4515,0.71603,0.7947,0.47805,1.6826,0.93577,0.4411
0.64577,0.54839,2.0456,2.6001,0.71607,0.83665,0.48887,1.552,0.97577,0.47857
0.64131,0.56448,2.1588,2.9098,0.73259,0.82826,0.49611,1.3909,0.97933,0.49926
0.63686,0.58511,2.3097,3.2007,0.74544,0.79641,0.48643,1.2323,0.98101,0.50026
0.63171,0.59098,2.2535,3.2378,0.74561,0.76423,0.48224,1.0859,0.97169,0.49453
0.65652,0.59284,2.3029,3.4614,0.76935,0.74139,0.47571,0.96758,0.95764,0.47994
0.68768,0.58982,2.5661,3.6523,0.79242,0.76391,0.46729,0.93543,0.97632,0.46594
0.70079,0.58313,2.6319,3.8849,0.80039,0.80249,0.47485,0.95125,0.9817,0.46801
0.68372,0.58553,2.566,3.9606,0.78934,0.85995,0.47751,0.9177,0.95539,0.46377
0.64912,0.57629,2.4718,3.8066,0.79758,0.8374,0.48287,0.89199,0.9243,0.4678
0.65337,0.55811,2.4295,3.9217,0.827,0.80605,0.48477,0.899,0.98046,0.50507
0.68825,0.60029,2.4894,4.2634,0.83361,0.80877,0.50497,0.93094,1.0925,0.61464
0.72955,0.6459,2.5465,4.35,0.83959,0.80262,0.51618,0.96716,1.1945,0.73508
0.74301,0.67648,2.4735,4.1821,0.80874,0.86835,0.51553,1.0075,1.2144,0.77746
0.74256,0.67903,2.39,4.0551,0.76057,0.90541,0.50141,1.0006,1.1714,0.76257
0.74061,0.6455,2.4777,3.7741,0.73314,0.87993,0.48961,0.94763,1.1176,0.70785
0.69297,0.59471,2.3791,3.3791,0.70966,0.87332,0.47534,0.89788,1.0281,0.62992
0.65038,0.552,2.2372,2.9842,0.75864,0.8331,0.49917,0.89003,0.94414,0.56268
0.65582,0.52068,2.0591,2.6474,1.0115,0.81937,0.54115,1.0266,0.90907,0.51549
0.66775,0.51464,1.8877,2.4296,1.1279,0.99874,0.55552,1.2262,0.9059,0.49031
0.68232,0.52453,1.9784,2.6575,1.1559,1.1574,0.57403,1.2884,0.94508,0.49395
0.68656,0.52523,2.3038,3.0188,1.161,1.1437,0.61149,1.2411,0.95377,0.49506
0.7022,0.5656,2.6628,3.6384,1.1077,1.0653,0.63194,1.1299,0.95686,0.49881
0.68813,0.58978,2.819,3.9683,1.0236,0.97574,0.6219,1.0112,0.94266,0.49186
0.68214,0.61794,2.8663,3.8927,0.92177,0.86587,0.60037,0.90391,0.93216,0.47075
0.69512,0.63317,2.6819,3.6023,0.8546,0.76556,0.57058,0.82546,0.9165,0.45303
0.6928,0.62714,2.4609,3.3819,0.82408,0.68722,0.53411,0.77218,0.89463,0.45378
0.70308,0.62776,2.5938,3.5928,0.79701,0.66057,0.53318,0.75987,0.90986,0.47291
0.69858,0.61649,2.4463,3.5649,0.8964,0.71051,0.5808,0.78415,0.91413,0.48329
0.68078,0.61308,2.2692,3.336,0.97318,0.78466,0.59871,0.7913,0.93399,0.48739
0.67346,0.60182,2.1828,3.0711,0.97404,0.80177,0.58998,0.81077,1.0094,0.5022
0.69076,0.6027,2.1518,2.9623,0.92136,0.78463,0.57291,0.86756,1.0892,0.51719
0.71146,0.60172,2.041,2.8912,0.86369,0.75717,0.54496,0.87705,1.0803,0.50586
0.71012,0.59376,1.9866,2.8276,0.8323,0.72067,0.52105,0.88057,1.0399,0.49664
0.68239,0.57432,1.989,2.7896,0.82366,0.72692,0.51074,0.88015,1.0019,0.5069
0.69003,0.58134,1.965,2.6529,1.1149,0.80168,0.59955,0.89698,0.95087,0.50883
0.68774,0.58785,1.9983,2.7199,1.2718,0.9017,0.63851,0.98243,0.91844,0.49823
0.69116,0.58067,2.0259,2.9564,1.2526,0.95041,0.62116,1.0063,0.89522,0.47995
0.6882,0.59857,2.0072,3.0763,1.1587,0.94021,0.57091,0.99924,0.91799,0.48614
0.69598,0.61595,2.0823,3.1087,1.0462,0.92092,0.5281,0.99255,0.95489,0.49004
0.68289,0.61172,2.1212,3.105,0.97908,0.86782,0.5,0.96318,0.95337,0.48678
0.67589,0.59614,2.0561,2.9948,0.92586,0.85066,0.49183,0.96291,0.96121,0.49136
0.67165,0.60294,2.0369,3.0254,0.86251,0.83165,0.48234,0.97466,0.96809,0.48636
0.66337,0.59398,1.9759,2.9737,0.79433,0.79805,0.46197,1.0012,0.97218,0.46217
0.68465,0.60603,2.2075,3.0465,0.77326,0.7883,0.46001,1.0848,0.97344,0.44506
0.72662,0.64795,2.5885,3.3442,0.96783,0.79196,0.51221,1.1819,1.0085,0.45526
0.74971,0.68829,2.7366,3.4381,1.0571,0.79338,0.55058,1.1792,1.014,0.45899
0.7369,0.72528,2.6161,3.2774,1.0298,0.87299,0.57132,1.1367,1.022,0.47528
0.687,0.70784,2.4127,3.0327,0.96332,0.93216,0.55405,1.0473,1.0168,0.47399
0.68886,0.69679,2.4208,3.2409,1.048,0.94474,0.53917,0.97789,1.0037,0.47955
0.69413,0.68827,2.4034,3.5492,1.0644,0.92753,0.54186,0.93846,0.96531,0.48093
0.6904,0.6808,2.373,3.6302,1.0099,0.91708,0.53189,0.97276,0.95377,0.47276
0.68409,0.66094,2.2627,3.3958,0.92161,0.94585,0.53179,0.98097,0.95037,0.46652
0.67444,0.62902,2.0824,3.1093,0.8201,0.93957,0.52422,0.9618,0.92313,0.46435
0.64911,0.59153,1.982,2.9551,0.73258,0.89498,0.50472,1.0028,0.87561,0.45759
0.64832,0.55917,1.9972,2.8494,0.67989,0.83878,0.50862,1.0098,0.84639,0.45886
0.64749,0.54943,2.032,2.9506,0.6776,0.83714,0.49927,0.99659,0.85725,0.46559
0.66121,0.59838,2.0264,3.1755,0.70973,0.88716,0.49684,1.0186,0.88205,0.47536
0.65257,0.61825,1.9509,3.1883,0.71253,0.88292,0.48989,1.0265,0.89118,0.47853
0.66848,0.62706,1.8932,3.1766,0.70886,0.84286,0.51213,1.0147,0.93262,0.48754
0.6662,0.61619,1.9362,3.0709,0.68775,0.82601,0.51287,0.95488,0.93649,0.46732
0.67412,0.62154,2.0318,3.0473,0.64683,0.81544,0.49266,0.94111,0.93617,0.46346
0.69441,0.64324,2.0465,3.1164,0.67006,0.85626,0.49445,0.95544,0.95335,0.53601
0.68965,0.66076,2.1349,3.2594,0.69096,0.86835,0.50196,0.94867,0.96338,0.64449
0.67671,0.64666,2.3402,3.4197,0.69305,0.84229,0.49951,1.0095,0.98287,0.72424
0.65235,0.64305,2.4846,3.6179,0.6888,0.80244,0.50889,1.1172,0.98453,0.73309
0.61984,0.62618,2.4484,3.5773,0.68592,0.79007,0.50672,1.1665,0.95945,0.69747
0.58994,0.58596,2.4206,3.5276,0.71314,0.78612,0.49529,1.1196,0.90141,0.62676
0.57845,0.53184,2.3346,3.6171,0.71943,0.76776,0.49014,1.0503,0.85635,0.5718
0.56678,0.50571,2.1397,3.5847,0.73488,1.0044,0.49163,1.0829,0.86971,0.54636
0.57325,0.51532,1.9511,3.3896,0.73958,1.3505,0.47839,1.1206,0.88264,0.52061
0.58519,0.53665,1.8737,3.2124,0.78365,1.4967,0.46577,1.1003,0.89074,0.49609
0.60634,0.54621,2.0359,3.0699,0.8017,1.5095,0.46148,1.0476,0.90083,0.4818
0.63547,0.55792,2.2143,3.1003,0.78485,1.3782,0.44876,0.95095,0.90188,0.46514
0.6642,0.59131,2.2754,3.1855,0.75276,1.4791,0.44641,0.93765,0.93199,0.4696
0.66419,0.67459,2.1794,3.1294,0.72197,1.625,0.45237,0.96043,0.95575,0.47798
0.65017,0.72513,2.0384,2.9979,0.69133,1.6771,0.46984,1.0279,1.007,0.49243
0.63248,0.71978,1.9063,2.8912,0.66944,1.5447,0.49636,1.0416,1.0586,0.52828
0.63862,0.70825,1.8248,2.8381,0.67251,1.3417,0.52606,1.0129,1.0562,0.53962
0.64433,0.70986,1.7438,2.8192,0.72808,1.1245,0.56336,0.96697,1.0246,0.53149
0.63414,0.68948,1.7156,2.7894,0.75787,0.96966,0.56499,0.95321,0.96891,0.52275
0.62801,0.67699,1.6934,2.7788,0.75727,0.95616,0.54558,1.0211,0.91074,0.50953
0.63883,0.67726,1.7698,2.764,0.81384,1.186,0.54016,1.1918,0.88742,0.49828
0.67656,0.67287,1.9145,2.8709,0.93346,1.2763,0.57986,1.2403,0.87301,0.48158
0.71261,0.67869,2.0748,3.1801,0.9828,1.4066,0.59688,1.2696,0.88236,0.48348
0.7058,0.66112,2.0427,3.4066,0.98928,1.6089,0.59741,1.2497,0.9129,0.48989
0.69336,0.65453,1.9259,3.3948,0.93061,1.5832,0.57786,1.2037,0.94326,0.48935
0.70126,0.67887,1.9488,3.5035,0.8851,1.5508,0.56243,1.1221,0.9662,0.48678
0.7085,0.7639,2.0072,3.659,0.86177,1.6698,0.52973,1.0265,0.95929,0.47176
0.70264,0.78097,1.9586,3.5961,0.82448,1.7109,0.49492,1.0051,0.96284,0.45285
0.68996,0.76169,1.9032,3.3966,0.78845,1.6319,0.47656,1.0708,0.9679,0.43635
0.68184,0.73077,1.8442,3.0503,0.79366,1.4325,0.47909,1.0624,0.95027,0.41989
0.69087,0.72896,1.7984,2.762,0.80366,1.5031,0.47493,1.1073,0.92866,0.40316
0.69401,0.72665,1.7208,2.4897,0.78401,1.6431,0.4623,1.1164,0.90891,0.41412
0.68563,0.73283,1.622,2.3739,0.76027,1.5754,0.45575,1.0974,0.89444,0.43295
0.66682,0.71545,1.577,2.5209,0.75407,1.4776,0.45661,1.0467,0.8889,0.44797
0.64358,0.70143,1.6061,2.7189,0.74768,1.4739,0.47313,0.98163,0.88229,0.45205
0.63986,0.67089,1.6922,2.8682,0.75244,1.4378,0.48594,0.91915,0.90615,0.47631
0.6157,0.68329,1.6545,2.8079,0.84837,1.5238,0.49954,0.94685,0.91702,0.49106
0.61297,0.70049,1.5997,2.8427,0.90143,1.4965,0.49319,0.98618,0.90033,0.48553
0.5969,0.68404,1.6754,2.8335,0.90001,1.4895,0.4719,0.9871,0.86885,0.46281
0.59084,0.65478,1.7548,2.6881,0.88644,1.605,0.47616,1.0012,0.8948,0.4671
0.59084,0.60884,1.7964,2.5834,0.8693,1.5409,0.49014,1.0255,0.92727,0.47745
0.58564,0.6001,1.779,2.5572,0.85264,1.4058,0.47844,1.0465,0.91877,0.4829
0.59439,0.692,1.8171,2.7697,0.80214,1.3558,0.45198,1.0248,0.92476,0.48686
0.59948,0.73868,1.8157,2.9471,0.74473,1.5174,0.43653,0.9809,0.92118,0.49618
0.61772,0.7292,1.8607,3.1301,0.70908,1.4916,0.4289,0.99992,0.91568,0.49248
0.62604,0.68927,1.8798,3.1927,0.7132,1.3736,0.42963,1.1115,0.91013,0.48969
0.63957,0.63464,1.8487,3.1035,0.78507,1.2594,0.45127,1.1995,0.91763,0.48088
0.64531,0.59036,1.8182,2.9249,0.78972,1.279,0.49978,1.3367,0.92758,0.47709
0.64707,0.55426,1.8075,2.7291,0.7604,1.2686,0.53042,1.3806,0.94832,0.47184
0.68006,0.52927,1.836,2.7349,0.74763,1.1972,0.53871,1.3166,0.94693,0.46138
0.70224,0.53816,1.8807,2.9274,0.81977,1.0967,0.54686,1.2888,0.94247,0.46882
0.72715,0.59951,1.8755,3.2341,0.93201,1.252,0.55034,1.282,0.94677,0.52301
0.74405,0.7137,1.8894,3.358,0.95894,1.2921,0.54926,1.2638,0.9655,0.60354
0.75654,0.75623,1.9674,3.3944,0.91996,1.2103,0.54839,1.1752,1.0112,0.66939
0.74231,0.73068,2.0934,3.2832,0.84495,1.0857,0.52188,1.1069,1.0132,0.66276
0.72727,0.70534,2.155,3.1726,0.78418,1.1239,0.49103,1.0827,0.96664,0.61969
0.69592,0.67297,2.1786,3.102,0.72882,1.3393,0.46445,1.0619,0.93794,0.576
0.68378,0.63717,2.1569,3.0827,0.68884,1.3382,0.48565,1.0349,0.95235,0.54058
0.66391,0.60988,2.2305,3.1326,0.65254,1.2198,0.50105,1.0168,0.96157,0.50771
0.64618,0.59907,2.3983,3.3485,0.63522,1.0628,0.49896,1.0201,0.95751,0.49168
0.64754,0.61391,2.4329,3.3179,0.64348,0.97334,0.49007,0.99603,0.94846,0.47722
0.64578,0.64268,2.3216,3.3845,0.65314,0.89524,0.48628,0.94746,0.92791,0.46416
0.63578,0.6515,2.2742,3.5852,0.7106,1.0659,0.49096,0.95339,0.89955,0.4694
0.63897,0.64479,2.4748,3.9771,0.78964,1.1266,0.48742,0.93072,0.90196,0.48505
0.63621,0.6318,2.5037,3.9729,0.80141,1.0657,0.47959,0.87735,0.92378,0.48573
0.62983,0.59296,2.3508,3.6007,0.81403,0.92256,0.47024,0.79519,0.92238,0.46747
0.62,0.54998,2.1763,3.1646,0.87426,0.82091,0.47957,0.79433,0.91866,0.45482
0.61148,0.54607,2.1443,3.001,0.90511,0.81852,0.4934,0.84295,0.95119,0.45423
0.59142,0.58115,2.4264,3.4528,0.87582,0.97403,0.49689,0.89773,0.98214,0.45756
0.58679,0.61913,2.4994,3.7074,0.89725,1.1467,0.48988,0.96353,0.96924,0.47603
0.59915,0.64611,2.3548,3.6689,0.87067,1.1925,0.4738,0.99076,0.95167,0.49486
0.60412,0.64567,2.1471,3.4417,0.80991,1.1374,0.45817,1.0026,0.93233,0.49647
0.62047,0.63827,2.23,3.6138,0.76073,1.1443,0.44511,1.0554,0.96713,0.49225
0.61928,0.6197,2.4605,4.0998,0.82767,1.3069,0.44638,1.1535,1.0011,0.51444
0.62241,0.63431,2.6506,4.3493,0.89486,1.4087,0.45047,1.2548,1.0039,0.51655
0.63028,0.62939,2.6619,4.3292,0.94549,1.5956,0.45641,1.3127,0.96598,0.50645
0.63954,0.61143,2.6472,4.5796,1.0054,1.6157,0.46805,1.278,0.9297,0.50265
0.64827,0.62695,2.5121,4.5385,1.0451,1.5901,0.4999,1.274,0.92158,0.50823
0.64059,0.65511,2.3292,4.2187,1.0119,1.6682,0.52215,1.2601,0.91809,0.5065
0.62634,0.65511,2.1188,3.7793,0.93453,1.5803,0.53062,1.1881,0.90487,0.50878
0.62137,0.6284,1.9121,3.2945,0.86837,1.407,0.53448,1.1088,0.92221,0.51019
0.63646,0.61036,1.7684,3.0449,0.80901,1.3011,0.55355,1.0528,0.97783,0.5273
0.63182,0.62316,1.7785,3.0565,0.75274,1.463,0.54084,1.1075,1.0004,0.52159
0.63212,0.62764,2.1901,3.7134,0.80412,1.5292,0.52622,1.1375,1.0045,0.50902
0.62926,0.61384,2.4404,3.9948,0.81845,1.4253,0.50396,1.1569,0.97435,0.4739
0.62395,0.6286,2.409,3.8854,0.81248,1.3926,0.48618,1.1152,0.94383,0.46459
0.61734,0.64726,2.293,3.6807,0.80073,1.4137,0.47292,1.0897,0.91566,0.46228
0.60631,0.65074,2.1277,3.4876,0.77238,1.3433,0.46777,1.0555,0.90944,0.46981
0.59897,0.64132,1.9856,3.309,0.77257,1.3279,0.49056,1.0342,0.87944,0.466
0.63117,0.62686,1.9318,3.2517,0.7752,1.3811,0.50674,1.0346,0.87502,0.45356
0.65468,0.60469,1.962,3.2968,0.76889,1.4039,0.51972,1.0132,0.90493,0.44518
0.67656,0.58443,2.204,3.6455,0.76693,1.2974,0.5148,0.96715,0.95454,0.45634
0.68811,0.58635,2.3823,3.9632,0.76012,1.2109,0.50457,1.0455,1.0015,0.47673
0.67998,0.66318,2.4177,4.1646,0.74461,1.4124,0.49834,1.1977,1.051,0.51739
0.68494,0.70419,2.5051,4.0883,0.73746,1.4611,0.50319,1.2367,1.0782,0.53955
0.68892,0.69773,2.6383,3.8837,0.78086,1.5867,0.50214,1.1506,1.0692,0.53301
0.70008,0.70241,2.771,3.6995,0.82426,1.5149,0.50548,1.0699,1.0614,0.52214
0.7181,0.71776,2.7975,3.5181,0.85759,1.3705,0.5155,1.043,1.0436,0.5078
0.70348,0.6954,2.8201,3.4518,0.86272,1.2239,0.52511,1.0466,1.0075,0.50554
0.67343,0.65241,2.6203,3.2607,0.86065,1.3412,0.54047,1.1073,0.96264,0.49981
0.64385,0.5983,2.431,3.3241,0.81976,1.3579,0.5346,1.1423,0.9275,0.48314
0.63621,0.55075,2.2476,3.5142,0.74983,1.2553,0.50888,1.114,0.89157,0.48038
0.63935,0.53422,2.0121,3.5797,0.70343,1.1502,0.50346,1.0994,0.85903,0.52052
0.66977,0.55542,1.9235,3.727,0.68093,1.355,0.51404,1.0833,0.87708,0.59466
0.67147,0.56272,1.9689,4.1188,0.66407,1.462,0.52063,1.0969,0.89257,0.69792
0.64269,0.55649,1.9857,4.1778,0.68579,1.4818,0.52905,1.1084,0.87925,0.73254
0.61734,0.55615,2.2685,4.2719,0.69834,1.5246,0.53536,1.0998,0.88834,0.74014
0.6025,0.55358,2.4426,4.1168,0.70733,1.7275,0.52591,1.1028,0.88904,0.69756
0.62825,0.59339,2.6639,4.1144,0.79999,1.7556,0.52385,1.1566,0.91649,0.63622
0.67479,0.63824,2.899,4.2108,0.88952,1.6754,0.5292,1.2372,0.97416,0.58538
0.70468,0.66561,2.9136,4.3302,0.91071,1.7098,0.54101,1.2707,1.0146,0.55043
0.72311,0.67185,2.7643,4.2278,0.91127,1.5628,0.55033,1.2813,1.0243,0.51721
0.70202,0.64715,2.5572,4.0093,0.87354,1.3943,0.54465,1.2237,1.0435,0.51257
0.68659,0.64074,2.4287,3.7463,0.8416,1.241,0.53214,1.1079,1.053,0.51763
0.66668,0.63396,2.1908,3.4048,0.80509,1.2739,0.51793,1.0112,1.0203,0.52275
0.66941,0.59779,2.0595,3.2554,0.79143,1.3368,0.54388,0.9695,1.0246,0.54955
0.66538,0.57387,2.0829,3.1521,0.76544,1.3167,0.53959,0.9179,1.0241,0.55738
0.68469,0.59294,2.0397,3.1038,0.75714,1.2964,0.53079,0.96816,1.0146,0.55704
0.69257,0.61012,1.9522,3.2009,0.74919,1.351,0.52382,1.037,0.97559,0.55228
0.6935,0.59844,1.9087,3.2964,0.73874,1.4118,0.52139,1.0525,0.93221,0.54563
0.66747,0.58863,1.8127,3.2196,0.70476,1.3886,0.49893,1.0502,0.87702,0.52773
0.64562,0.58809,1.6908,3.236,0.68101,1.2862,0.49033,1.0421,0.86922,0.52157
0.66411,0.60003,1.7154,3.3394,0.6811,1.2067,0.49342,1.0545,0.88233,0.52367
0.67423,0.60541,1.6928,3.367,0.70987,1.2994,0.49485,1.0942,0.91358,0.53172
0.66277,0.62101,1.7741,3.3986,0.73075,1.3333,0.49984,1.1251,0.9667,0.53715
0.64415,0.62727,1.8497,3.4168,0.81476,1.2913,0.48864,1.094,0.99105,0.51835
0.62075,0.61557,1.8779,3.3073,0.85052,1.2469,0.47209,1.0791,0.99424,0.49846
0.636,0.60741,1.9158,3.2269,0.86167,1.3551,0.47912,1.1378,1.0257,0.50068
0.65297,0.60566,1.9227,3.2393,0.85724,1.3778,0.48964,1.1435,1.0222,0.49957
0.65516,0.59807,1.9009,3.2982,0.85989,1.3025,0.491,1.1091,0.98825,0.48924
0.64913,0.57624,1.8554,3.5285,0.8614,1.1667,0.48436,1.1114,0.96466,0.47011
0.65891,0.5758,1.879,3.4674,0.81687,1.2189,0.4916,1.2016,0.98073,0.46455
0.65745,0.59803,1.8664,3.2839,0.77491,1.2261,0.5085,1.2444,0.99249,0.49013
0.64104,0.61149,1.8399,3.1771,0.73584,1.1741,0.5038,1.2078,0.97051,0.49083
0.62509,0.61409,1.9058,3.2657,0.71815,1.083,0.49874,1.1853,0.9682,0.47618
0.62702,0.60402,2.0525,3.3869,0.70872,1.2172,0.48281,1.1826,0.98897,0.46317
0.61406,0.59095,2.0436,3.5309,0.72847,1.2733,0.47074,1.1291,0.99098,0.46049
0.60449,0.56514,1.9376,3.5237,0.74081,1.1801,0.4531,1.0775,0.97491,0.4633
0.58132,0.58103,1.9185,3.5339,0.69501,1.1358,0.44974,1.0105,0.96652,0.4675
0.56613,0.60455,1.9519,3.4702,0.66574,1.2637,0.45821,0.95979,0.96303,0.47356
0.59906,0.62018,2.0417,3.4395,0.70913,1.2585,0.48385,0.9535,0.98233,0.49233
0.61927,0.59805,2.1332,3.2326,0.76387,1.175,0.48746,0.95486,0.98664,0.49491
0.61804,0.57645,2.1843,3.2251,0.83432,1.2109,0.47861,1.0754,0.96204,0.49357
0.60736,0.56453,2.378,3.4056,0.84786,1.2477,0.46945,1.1702,0.95344,0.48751
0.58966,0.53786,2.5033,3.5726,0.80639,1.156,0.45047,1.1561,0.96504,0.49302
0.57377,0.52772,2.3737,3.4816,0.76303,1.024,0.45545,1.0837,0.96227,0.48513
0.58971,0.5687,2.2568,3.4958,0.72621,1.175,0.48523,1.0648,0.95537,0.48165
0.6272,0.60972,2.119,3.4744,0.71637,1.298,0.51472,1.0153,0.97151,0.48646
0.64704,0.60704,1.934,3.3991,0.72506,1.2804,0.55744,0.96815,0.98104,0.49597
0.64673,0.58664,2.0221,3.328,0.73916,1.2399,0.58058,0.94377,0.99405,0.49688
0.64655,0.59822,2.0515,3.2414,0.74774,1.3409,0.57303,1.0406,1.0085,0.49993
0.63953,0.59568,1.9671,3.2231,0.72784,1.3416,0.54398,1.1136,0.99226,0.50695
0.63126,0.61389,1.8067,3.3121,0.69991,1.2322,0.50275,1.1187,0.93972,0.50251
0.64236,0.66393,1.7457,3.5068,0.69789,1.272,0.48196,1.0921,0.93432,0.53792
0.63435,0.72496,1.7193,3.7747,0.69277,1.2397,0.45915,1.088,0.9254,0.63979
0.63462,0.73731,1.7849,4.1295,0.72517,1.1395,0.43707,1.0999,0.91594,0.76192
0.63781,0.75417,1.8133,4.0071,0.73116,1.1364,0.42229,1.1524,0.91051,0.77714
0.61194,0.74028,1.745,3.6784,0.71597,1.2177,0.41359,1.1979,0.90556,0.74659
0.58282,0.68505,1.7653,3.3722,0.71675,1.1669,0.42424,1.1981,0.91065,0.70178
0.57975,0.62811,1.8163,3.2813,0.70995,1.0498,0.45114,1.1354,0.91936,0.64625
0.59174,0.58127,1.7999,3.2138,0.70454,1.1526,0.47771,1.1773,0.90908,0.59081
0.61865,0.58248,1.8756,3.1727,0.72978,1.3398,0.51036,1.1809,0.89963,0.52621
0.63411,0.61303,2.0558,3.3905,0.7398,1.3868,0.52934,1.1894,0.89174,0.47793
0.65883,0.63282,2.2361,3.5689,0.73043,1.446,0.52033,1.2029,0.86943,0.45728
0.70355,0.64237,2.2337,3.5504,0.73721,1.4366,0.52523,1.1913,0.90429,0.49311
0.69424,0.61238,2.0525,3.5664,0.71426,1.3215,0.51833,1.1327,0.90198,0.51629
0.66045,0.58545,1.7875,3.6066,0.69819,1.2201,0.49087,1.118,0.92672,0.51339
0.64547,0.60333,1.6162,3.607,0.7073,1.327,0.47654,1.12,0.95144,0.50868
0.64482,0.61504,1.8176,3.8401,0.73018,1.2747,0.47296,1.0703,0.97581,0.50391
0.64658,0.64364,2.2273,4.0531,0.73498,1.1778,0.47043,1.0204,0.97795,0.49354
0.67766,0.64215,2.7019,4.1639,0.72397,1.0796,0.47938,1.0155,0.99374,0.48702
0.7025,0.63877,3.0391,4.1918,0.70254,1.1829,0.48906,1.0364,1.0074,0.48682
0.69888,0.66405,2.9638,4.0393,0.70321,1.4035,0.48253,1.1752,0.99904,0.4871
0.67571,0.69657,2.7347,3.8956,0.67674,1.396,0.48197,1.1889,0.9971,0.50369
0.64258,0.72087,2.4178,3.7175,0.64871,1.4671,0.47892,1.1421,0.99849,0.51247
0.65565,0.76848,2.1134,3.6446,0.64004,1.644,0.48558,1.0754,1.0163,0.51791
0.65111,0.7557,1.886,3.4584,0.63559,1.5908,0.48961,1.0084,1.0239,0.51355
0.62826,0.72247,1.7236,3.1335,0.66325,1.4792,0.49557,1.0062,1.0136,0.50926
0.5953,0.7057,1.6567,3.0859,0.71506,1.6745,0.4903,1.0248,0.96498,0.48492
0.57063,0.68378,1.8025,3.2334,0.7482,1.6692,0.49535,1.0546,0.95259,0.48415
0.56892,0.65343,2.0117,3.5986,0.75434,1.5168,0.49511,1.0429,0.9301,0.49484
0.58699,0.62797,2.4112,4.0732,0.73937,1.4022,0.49069,1.0676,0.915,0.49789
0.599,0.61312,2.6763,4.1287,0.72289,1.5374,0.486,1.129,0.90082,0.50076
0.61333,0.59557,2.6642,3.892,0.695,1.4999,0.47505,1.1191,0.86748,0.47996
0.64074,0.61196,2.5196,3.5249,0.71795,1.4429,0.48347,1.1102,0.89844,0.47515
0.66277,0.62787,2.5781,3.4986,0.73934,1.5113,0.49616,1.0839,0.91292,0.45177
0.67951,0.60969,2.5845,3.4892,0.75892,1.4284,0.47588,1.0295,0.9135,0.42872
0.68496,0.57375,2.5215,3.6115,0.77909,1.2486,0.47252,1.0028,0.94041,0.42995
0.67649,0.55382,2.4428,3.514,0.77754,1.087,0.46599,0.95571,0.97514,0.43089
0.64669,0.55022,2.2022,3.2049,0.74741,1.1102,0.46081,0.93021,0.97637,0.42078
0.61343,0.53766,1.9361,2.8761,0.72565,1.0639,0.46422,0.93203,0.97008,0.42691
0.58175,0.58515,1.7258,2.7519,0.7035,1.0411,0.45157,0.91177,0.91118,0.4255
0.56729,0.60902,1.5543,2.639,0.68688,1.2302,0.4428,0.91364,0.86096,0.43036
0.56691,0.62802,1.5634,2.57,0.67179,1.3406,0.43278,0.94808,0.80717,0.42467
0.59143,0.67486,1.7071,2.6212,0.67313,1.4059,0.42194,0.99754,0.76697,0.41202
0.60305,0.71115,1.816,2.8603,0.68348,1.6556,0.42451,1.0055,0.78114,0.42055
0.62316,0.70543,1.8876,3.1716,0.68776,1.7274,0.44351,0.98199,0.82933,0.44483
0.61882,0.66381,1.9294,3.4235,0.66153,1.5857,0.47343,0.9765,0.8654,0.47411
0.61325,0.62023,1.888,3.4785,0.64707,1.4364,0.49922,0.98829,0.92879,0.51862
0.60026,0.63974,1.7851,3.3738,0.63004,1.5212,0.50826,1.0245,0.94403,0.53469
0.60357,0.66193,1.755,3.4897,0.62391,1.5438,0.50328,1.02,0.94433,0.52634
0.61254,0.79108,1.8675,3.8775,0.62122,1.5019,0.4914,1.2349,0.94825,0.50738
0.61898,1.0016,2.0512,4.2836,0.64082,1.392,0.50375,1.444,0.96158,0.51821
0.62686,1.0605,2.1266,4.4427,0.69432,1.3288,0.51974,1.4416,0.98596,0.57739
0.63149,1.0173,2.0594,4.3615,0.72722,1.3518,0.5245,1.351,1.0253,0.65913
0.64785,0.92653,1.9681,4.0374,0.74802,1.2382,0.52167,1.2557,1.0718,0.69338
0.6412,0.83461,1.9586,3.7003,0.76636,1.1554,0.53129,1.1734,1.0781,0.68631
0.63484,0.81904,2.1123,3.8989,0.80154,1.1958,0.54347,1.1317,1.0847,0.66199
0.61304,0.77004,2.2882,3.9628,0.79081,1.3773,0.54113,1.0718,1.0753,0.62347
0.61023,0.6968,2.3978,3.8971,0.75212,1.429,0.53572,1.0217,1.0394,0.56814
0.61186,0.63449,2.3473,3.5686,0.72826,1.371,0.53485,1.0474,0.9815,0.52574
0.63053,0.62592,2.3471,3.1911,0.70999,1.3278,0.53005,1.0324,0.95616,0.50388
0.65816,0.61876,2.3261,2.8811,0.70254,1.4231,0.52522,1.0369,0.967,0.4945
0.69469,0.59531,2.4483,2.8454,0.72041,1.4026,0.55013,1.0471,0.98474,0.48236
0.70946,0.5695,2.5005,2.8415,0.73077,1.3365,0.56843,1.0777,0.97953,0.47215
0.70627,0.54897,2.4158,2.8475,0.71393,1.327,0.57674,1.1091,0.98375,0.47272
0.69666,0.54282,2.1985,2.9128,0.70657,1.4131,0.56192,1.1754,0.97432,0.4779
0.67383,0.61306,1.9636,3.0174,0.80319,1.4873,0.55795,1.1816,0.94738,0.48585
0.63857,0.67085,1.8927,3.0071,0.83118,1.3806,0.54034,1.1678,0.90168,0.48002
0.62672,0.70283,2.2342,3.1865,0.81109,1.2527,0.53418,1.1472,0.90395,0.48914
0.63139,0.6843,2.3065,3.2204,0.77139,1.3548,0.52394,1.1766,0.91362,0.49507
0.64488,0.65257,2.1488,3.1671,0.73217,1.3841,0.52585,1.1734,0.94866,0.50922
0.64386,0.61522,1.9926,3.0743,0.69588,1.3145,0.50486,1.1634,0.96102,0.5116
0.64962,0.60279,1.9376,3.084,0.67582,1.3641,0.47668,1.1453,0.98991,0.50699
0.64721,0.60895,2.0292,3.2022,0.67777,1.4143,0.45484,1.1835,1.0243,0.49601
0.66704,0.60404,2.2242,3.4813,0.672,1.3482,0.44525,1.1636,1.0323,0.45745
0.65266,0.58018,2.2686,3.5831,0.64688,1.1958,0.44632,1.086,1.0115,0.4329
0.62854,0.57226,2.1819,3.4865,0.62382,1.1804,0.47209,1.0062,0.97263,0.43578
0.60988,0.56582,2.0129,3.326,0.60823,1.1854,0.49587,0.9746,0.92067,0.43538
0.61232,0.59358,1.8352,3.1443,0.60331,1.2007,0.50659,1.0539,0.91066,0.44523
0.59042,0.60609,1.6423,2.953,0.59073,1.2136,0.497,1.0832,0.87945,0.44066
0.56323,0.60547,1.4735,2.7226,0.58642,1.3711,0.48603,1.075,0.83978,0.44407
0.56268,0.59944,1.39,2.6353,0.60725,1.348,0.49521,1.0424,0.8239,0.45646
0.60515,0.59344,1.4932,2.9934,0.65236,1.2637,0.51066,1.0245,0.8594,0.46823
0.63574,0.6272,1.7025,3.476,0.68454,1.3018,0.51189,0.98779,0.87826,0.46231
0.6601,0.67773,1.8399,3.7014,0.69177,1.4549,0.50386,0.96781,0.90397,0.45912
0.65659,0.67929,1.9688,3.5973,0.7051,1.4003,0.48218,1.0052,0.91867,0.46661
0.64184,0.66129,2.0067,3.4761,0.7237,1.2845,0.44982,1.0475,0.93429,0.46666
0.64031,0.6603,2.1175,3.4065,0.75424,1.4677,0.43721,1.1666,0.97865,0.48589
0.64444,0.67146,2.2621,3.348,0.77162,1.5434,0.43891,1.2104,1.0087,0.49677
0.64693,0.72015,2.3098,3.3442,0.75662,1.5105,0.44223,1.2725,0.99072,0.50165
0.6695,0.73043,2.2473,3.2283,0.74651,1.4472,0.45096,1.2882,0.94695,0.49662
0.6733,0.70733,2.0925,3.0902,0.72026,1.499,0.45846,1.2555,0.89623,0.4906
0.67309,0.66059,2.0304,3.2558,0.71165,1.4097,0.46794,1.1859,0.92287,0.51308
0.65918,0.59481,2.0158,3.5384,0.69646,1.2503,0.46713,1.0611,0.93765,0.52396
0.64497,0.54345,2.112,3.7975,0.69991,1.1648,0.45779,0.96639,0.94325,0.53543
0.64083,0.51668,2.0943,3.9143,0.68689,1.2311,0.44446,0.98381,0.95083,0.54903
0.63276,0.49984,1.9881,3.703,0.66174,1.3481,0.45464,0.98169,0.94798,0.53351
0.59503,0.49133,1.8936,3.4408,0.64434,1.3394,0.46983,0.94996,0.93773,0.50177
0.57864,0.49927,1.9712,3.3951,0.63339,1.2501,0.463,0.9322,0.93117,0.48502
0.56503,0.55258,1.9938,3.3319,0.63476,1.2633,0.44452,1.0095,0.91858,0.47074
0.58855,0.59723,1.9613,3.4618,0.63926,1.2791,0.43275,1.0364,0.91764,0.50463
0.63056,0.63605,1.8958,3.5394,0.64369,1.248,0.45273,1.0694,0.96344,0.60978
0.65295,0.65741,1.9353,3.6005,0.66525,1.1729,0.48419,1.0804,0.99921,0.73021
0.66651,0.67957,1.9217,3.4984,0.68637,1.3049,0.49206,1.0844,1.0327,0.76091
0.68154,0.67247,1.8815,3.4391,0.67398,1.381,0.49805,1.0902,1.0455,0.72685
0.66581,0.64694,1.8413,3.3844,0.65072,1.3329,0.49639,1.0568,0.97831,0.64843
0.64961,0.63802,1.8163,3.259,0.63951,1.3033,0.48663,0.9948,0.91005,0.58777
0.63062,0.60935,1.794,3.2616,0.62791,1.4401,0.47832,0.91475,0.88501,0.52407
0.63385,0.59105,1.8225,3.4496,0.65236,1.4233,0.47632,0.88473,0.90022,0.50121
0.64976,0.62203,1.8356,3.5756,0.67488,1.3259,0.48937,0.92228,0.97199,0.51802
0.66166,0.63141,2.0603,3.5938,0.69383,1.4198,0.50202,0.92172,0.99861,0.52992
0.66824,0.62509,2.2283,3.4505,0.72175,1.5223,0.50593,0.91501,0.98391,0.53538
0.67255,0.62613,2.2061,3.1788,0.73938,1.4376,0.51685,0.93369,0.95728,0.5397
0.65843,0.60594,2.148,2.9331,0.75081,1.2641,0.49672,0.97478,0.93755,0.53557
0.67981,0.63022,2.1428,2.9802,0.77171,1.3028,0.49582,1.0523,0.95282,0.53241
0.70571,0.65505,2.0733,3.1391,0.78267,1.3104,0.50203,1.1555,0.95915,0.53674
0.69011,0.63317,2.0937,3.0967,0.75682,1.2037,0.48583,1.2009,0.92599,0.52681
0.66004,0.60926,2.1757,3.132,0.72492,1.0998,0.48349,1.2067,0.91798,0.50856
0.62959,0.62292,2.0792,3.1011,0.72497,1.3657,0.48136,1.1669,0.90425,0.49875
0.6136,0.63039,2.0795,3.0145,0.72653,1.4368,0.46451,1.1166,0.88649,0.50898
0.59275,0.62912,1.9599,2.8793,0.7255,1.3493,0.45151,1.0627,0.90137,0.52636
0.58661,0.66427,1.8245,2.7416,0.72066,1.286,0.44335,1.0171,0.92392,0.5322
0.59245,0.69252,1.7456,2.7896,0.70863,1.4452,0.45199,1.0094,0.96074,0.5365
0.58499,0.67558,1.6682,2.8866,0.66788,1.4241,0.44029,1.0049,1,0.52255
0.59661,0.68779,1.5757,2.9188,0.64892,1.3653,0.45648,1.0683,1.0147,0.49138
0.61641,0.75236,1.628,2.8987,0.68112,1.5096,0.47941,1.1084,1.0337,0.47462
0.63149,0.75357,1.703,2.8789,0.72939,1.5726,0.49391,1.1114,1.0328,0.48543
0.64062,0.71745,1.8603,2.9495,0.73972,1.4497,0.51071,1.0761,0.99153,0.48611
0.65631,0.66728,1.9369,2.9013,0.73296,1.3304,0.52471,1.1066,0.9753,0.49463
0.66805,0.63996,1.9498,2.7728,0.71365,1.4811,0.53919,1.1635,1.0194,0.50533
0.67287,0.60237,1.9312,2.6853,0.71268,1.5181,0.53938,1.1364,1.0466,0.50461
0.65484,0.57028,1.9395,2.6071,0.70938,1.4235,0.52987,1.0587,1.0379,0.48767
0.62291,0.5513,1.9228,2.6073,0.70078,1.3349,0.52435,1.0065,1.0235,0.48682
0.60534,0.55833,1.9393,2.6118,0.68713,1.4372,0.51753,1.0193,1.0184,0.49461
0.59968,0.57488,1.9767,2.6775,0.68317,1.5171,0.50243,1.0384,1.0342,0.49558
0.60363,0.57811,1.9303,2.6851,0.68505,1.4341,0.51071,1.0498,1.0481,0.50096
0.59927,0.58014,1.8603,2.8354,0.68468,1.3461,0.51451,1.0827,1.0474,0.5034
0.57942,0.61605,1.9576,3.0176,0.69623,1.46,0.51297,1.097,1.056,0.4956
0.57662,0.6136,1.9293,3.1525,0.71789,1.4969,0.50689,1.1554,1.0585,0.49095
0.58932,0.59422,1.9269,3.2586,0.74127,1.5049,0.48594,1.2176,1.0669,0.49645
0.61605,0.58901,1.979,3.534,0.7629,1.4325,0.46754,1.2675,1.0703,0.50754
0.62951,0.59515,2.0418,3.6175,0.76492,1.5305,0.47656,1.3263,1.0553,0.52349
0.63918,0.60295,2.0767,3.5115,0.74265,1.5267,0.49982,1.2895,1.0139,0.53306
0.6678,0.61128,2.0763,3.4996,0.72145,1.445,0.54296,1.2442,1.0045,0.54824
0.66647,0.62139,2.2611,3.53,0.70965,1.5216,0.56449,1.1664,1.0293,0.56103
0.68458,0.63679,2.5408,3.6795,0.71153,1.535,0.57894,1.0912,1.0622,0.56351
0.70174,0.63254,2.6627,3.6213,0.69922,1.443,0.57786,1.0286,1.0577,0.54664
0.69602,0.62755,2.5722,3.4231,0.69127,1.4528,0.57045,1.0627,1.0371,0.5531
0.68365,0.61916,2.3711,3.3665,0.69112,1.5295,0.55397,1.0674,1.0094,0.59109
0.69191,0.64928,2.1818,3.4399,0.67869,1.5138,0.53651,1.071,0.98031,0.67833
0.68096,0.759,2.0814,3.7079,0.68995,1.5173,0.51606,1.0909,0.97663,0.80645
0.68001,0.80713,1.9896,3.8513,0.74025,1.5779,0.50772,1.1709,0.97974,0.84623
0.67869,0.80162,1.9008,3.7494,0.76492,1.6077,0.51237,1.1873,0.9826,0.82044
0.65774,0.76298,1.9953,3.6261,0.75686,1.5025,0.50504,1.0851,0.99156,0.74592
0.65386,0.70478,2.1074,3.4795,0.72699,1.3337,0.49156,0.98073,0.99311,0.65911
0.65992,0.66819,2.0372,3.2894,0.70458,1.39,0.4791,0.95086,0.9381,0.55828
0.64779,0.63869,1.8948,3.2436,0.66988,1.4283,0.48527,0.9712,0.88066,0.48847
0.63413,0.60553,1.8221,3.2803,0.64284,1.388,0.48027,0.9614,0.85938,0.46072
0.61912,0.60652,1.7262,3.3382,0.64343,1.414,0.46577,0.98969,0.85363,0.45292
0.62723,0.63164,1.8557,3.4824,0.65467,1.5807,0.46257,1.0257,0.88104,0.46734
0.62372,0.62221,2.091,3.6515,0.65215,1.5778,0.47459,0.99115,0.91134,0.49468
0.61542,0.59617,2.1953,3.7145,0.65954,1.4628,0.46681,0.95097,0.94891,0.50908
0.61751,0.58669,2.1433,3.6488,0.67636,1.5441,0.4528,0.94474,0.99095,0.5129
0.62803,0.5873,2.2555,3.6957,0.69502,1.5038,0.44548,0.96384,1.0251,0.51689
0.6446,0.58208,2.4497,3.9248,0.70913,1.445,0.44518,1.0189,1.0424,0.53282
0.63902,0.58716,2.4058,3.9922,0.70697,1.4362,0.43545,1.0302,1.0007,0.53836
0.61688,0.5881,2.1852,3.7427,0.68547,1.6136,0.43816,1.0349,0.96589,0.53111
0.59528,0.57658,1.9428,3.3742,0.66397,1.6525,0.44922,1.0468,0.93763,0.52505
0.58487,0.54828,1.751,3.0014,0.65227,1.508,0.4668,1.0157,0.9093,0.52104
0.57909,0.52532,1.6071,2.9267,0.64282,1.382,0.4659,0.96484,0.89414,0.51298
0.58346,0.54415,1.6511,2.9988,0.64837,1.3419,0.46828,0.9523,0.91245,0.5157
0.58644,0.55987,1.9442,3.3403,0.65285,1.3562,0.47471,0.92557,0.9184,0.50661
0.60574,0.59,2.0537,3.449,0.67139,1.2774,0.48805,0.92293,0.89963,0.49937
0.61126,0.60965,2.0444,3.4279,0.68211,1.2868,0.48405,0.94323,0.85992,0.47609
0.61852,0.59616,1.9031,3.2621,0.71274,1.4813,0.47986,0.95933,0.82847,0.46924
0.61864,0.58387,1.7985,3.1844,0.72579,1.5117,0.4773,0.93137,0.81299,0.46077
0.61423,0.55417,1.7748,3.243,0.71133,1.4149,0.47921,0.91191,0.82317,0.44507
0.61122,0.54431,1.8986,3.3303,0.69367,1.327,0.46787,0.92423,0.84457,0.4363
0.62985,0.55892,1.998,3.3831,0.71355,1.4808,0.46174,0.95346,0.88682,0.4403
0.63538,0.57332,2.1132,3.5227,0.73616,1.5334,0.46188,1.0585,0.91593,0.43602
0.66121,0.59619,2.1641,3.7113,0.75281,1.4761,0.46069,1.0737,0.93114,0.43701
0.66053,0.62438,2.2195,3.7465,0.74517,1.4019,0.47223,1.0756,0.93152,0.44247
0.65278,0.64458,2.3308,3.9113,0.75286,1.4658,0.47384,1.0738,0.95491,0.45867
0.64468,0.62592,2.4912,3.9555,0.76555,1.3817,0.46733,1.0508,0.95461,0.47027
0.64943,0.62865,2.4616,3.9085,0.77145,1.2731,0.47171,1.0636,0.95853,0.48843
0.68217,0.673,2.4293,3.8819,0.78106,1.3264,0.47866,1.0852,0.98591,0.49344
0.70548,0.68357,2.3403,3.7102,0.74915,1.4842,0.4833,1.0978,0.99223,0.47608
0.73504,0.66631,2.3129,3.5399,0.74309,1.5037,0.49966,1.0754,0.97319,0.45749
0.7609,0.65808,2.2822,3.2511,0.73991,1.4294,0.52532,1.0741,0.96714,0.4488
0.77224,0.6621,2.1587,2.9389,0.73165,1.2811,0.52953,1.086,0.94416,0.45039
0.75115,0.6677,2.0341,2.6131,0.68153,1.264,0.50255,1.1575,0.91842,0.43763
0.71642,0.67348,1.9552,2.5733,0.65065,1.3924,0.48025,1.2413,0.91914,0.44035
0.66131,0.64775,1.9031,2.7344,0.63597,1.4116,0.46399,1.2206,0.92305,0.45563
0.6074,0.61033,1.8152,2.9109,0.62172,1.3195,0.4383,1.2054,0.93312,0.46216
0.59684,0.60167,1.81,2.8963,0.62031,1.3346,0.40702,1.179,0.92124,0.45195
0.60316,0.59627,1.802,3.0923,0.6201,1.4022,0.41052,1.1602,0.9292,0.46262
0.62066,0.65865,1.993,3.5346,0.60116,1.5453,0.43674,1.2159,0.92716,0.48086
0.63359,0.6978,2.1337,3.7374,0.5899,1.6088,0.4584,1.2351,0.9087,0.5286
0.65148,0.75235,2.144,3.8002,0.59972,1.6787,0.49275,1.1952,0.89755,0.61177
0.6734,0.77739,2.1924,3.9181,0.61816,1.5504,0.51134,1.1208,0.90293,0.72759
0.69894,0.80845,2.3234,4.0042,0.66606,1.38,0.53982,1.1327,0.92124,0.76783
0.68295,0.85673,2.3829,4.1564,0.71953,1.426,0.55069,1.1457,0.91321,0.74468
0.65766,0.87333,2.2733,4.1268,0.77478,1.6332,0.55706,1.1442,0.91198,0.6896
0.66481,0.83952,2.3208,4.1647,0.80116,1.6303,0.55211,1.1211,0.93018,0.62753
0.6835,0.79971,2.2961,3.9833,0.78271,1.5243,0.53741,1.0542,0.96779,0.58013
0.6983,0.75022,2.2682,3.8511,0.75765,1.3872,0.54785,1.0256,0.95978,0.52477
0.70231,0.70171,2.3395,3.772,0.73413,1.4625,0.54418,1.0086,0.94711,0.48937
0.69587,0.67178,2.3525,3.7991,0.7103,1.4644,0.51865,0.95219,0.92218,0.46364
0.67704,0.69811,2.441,3.8306,0.69448,1.3764,0.49824,0.89458,0.91394,0.45936
0.67448,0.7304,2.462,3.7988,0.69594,1.2849,0.48842,0.87618,0.93886,0.46316
0.66422,0.7199,2.3469,3.5344,0.68544,1.3766,0.46796,0.8643,0.9238,0.46302
0.62793,0.68915,2.1454,3.3078,0.66564,1.3657,0.44798,0.84285,0.9285,0.45909
0.59912,0.65008,1.909,3.1343,0.64645,1.2331,0.43476,0.83352,0.93988,0.46276
0.60007,0.62115,1.9208,3.1133,0.65322,1.1023,0.42967,0.84355,0.94811,0.47603
0.59191,0.59895,1.8819,2.9393,0.6352,1.071,0.42182,0.8929,0.92749,0.48555
0.57529,0.57256,2.0122,3.114,0.60251,1.2106,0.42934,0.91216,0.8868,0.47928
0.5626,0.53866,2.0158,3.2442,0.59312,1.198,0.45479,0.96966,0.87809,0.48731
0.58953,0.53405,2.2381,3.4816,0.65249,1.1407,0.48615,1.085,0.9546,0.50608
0.58741,0.55427,2.4795,3.7622,0.71343,1.0859,0.49251,1.1313,1.0109,0.506
0.56817,0.59837,2.3941,3.7108,0.75791,1.3584,0.49373,1.1003,1.0333,0.50944
0.5835,0.6211,2.2387,3.6015,0.77157,1.4539,0.49244,1.0503,1.038,0.499
0.62306,0.63619,2.1526,3.6875,0.76529,1.404,0.49204,1.0223,1.0483,0.50069
0.65865,0.6543,2.0526,3.7036,0.73076,1.3398,0.48868,1.0286,1.0225,0.50682
0.67861,0.68626,2.0286,3.6556,0.71105,1.4865,0.48101,1.0629,0.9839,0.50674
0.69711,0.6843,2.2068,3.7586,0.70057,1.5102,0.47593,1.0787,0.9419,0.48995
0.69286,0.65816,2.3906,3.709,0.69398,1.3917,0.46347,1.1096,0.9205,0.47814
0.70529,0.67073,2.6113,3.5938,0.72257,1.3024,0.47456,1.1135,0.96779,0.48122
0.69437,0.66246,2.6608,3.5135,0.7433,1.497,0.49368,1.1743,0.98666,0.49825
0.66372,0.62886,2.4788,3.2625,0.7074,1.5758,0.51691,1.1359,0.99025,0.49594
0.64228,0.62299,2.3739,3.4695,0.68165,1.4733,0.53519,1.1326,1.0042,0.49195
0.63055,0.6318,2.1773,3.4879,0.68194,1.3869,0.53946,1.1637,1.0085,0.50272
0.62267,0.6521,2.0831,3.4759,0.71571,1.3994,0.53795,1.1611,0.97977,0.49242
0.64247,0.64875,1.9981,3.3585,0.72925,1.4687,0.53159,1.1316,0.96213,0.47799
0.69005,0.65122,2.0696,3.3564,0.72685,1.4316,0.5232,1.0763,0.96342,0.47236
0.71376,0.63694,2.1677,3.4245,0.69589,1.3313,0.50419,0.9953,0.9622,0.46325
0.70738,0.5997,2.2501,3.4834,0.65053,1.2962,0.49028,1.0098,0.93961,0.46191
0.72389,0.58296,2.2811,3.5072,0.63314,1.3993,0.4788,1.0228,0.91228,0.47059
0.75093,0.58016,2.2343,3.4781,0.64834,1.4174,0.47427,1.1636,0.91899,0.48313
0.7567,0.57225,2.2977,3.7171,0.66676,1.3336,0.46953,1.218,0.93642,0.4937
0.74889,0.56202,2.423,3.8184,0.70362,1.3944,0.47252,1.238,0.94394,0.50197
0.71784,0.55066,2.3926,3.8029,0.7218,1.5247,0.47512,1.1658,0.95178,0.49994
0.70527,0.56111,2.3582,3.6744,0.72769,1.4506,0.50794,1.0891,0.99964,0.50958
0.6895,0.56758,2.2291,3.4356,0.71799,1.2984,0.52405,1.0495,1.0378,0.51071
0.69458,0.59542,2.2845,3.4525,0.70752,1.1746,0.53853,1.0283,1.0733,0.51298
0.67246,0.62293,2.2843,3.3995,0.68753,1.2958,0.52787,1.034,1.0631,0.49878
0.64251,0.60803,2.3708,3.2088,0.65708,1.32,0.51332,1.0034,1.0269,0.47795
0.62767,0.60536,2.3386,3.0514,0.63731,1.2488,0.50549,0.9594,1.0382,0.49603
0.65545,0.61311,2.3946,3.0661,0.62838,1.1775,0.5028,0.91218,1.0647,0.5771
0.69023,0.68036,2.3481,3.2378,0.64267,1.2116,0.5195,0.94678,1.0914,0.72175
0.69634,0.71816,2.2007,3.2155,0.66425,1.3528,0.50977,0.96669,1.0673,0.79762
0.69367,0.7141,2.0455,3.1697,0.68571,1.4511,0.50751,0.97943,1.0244,0.80328
0.67325,0.66633,2.0515,3.2077,0.68941,1.4006,0.48363,0.96127,0.96823,0.75757
0.65958,0.62039,2.1685,3.422,0.67857,1.3977,0.45297,0.99413,0.91112,0.68246
0.67539,0.59511,2.283,3.7148,0.66333,1.4467,0.44545,1.0715,0.8981,0.62648
0.69783,0.55947,2.3016,3.8914,0.65042,1.4357,0.46532,1.119,0.90048,0.57537
0.71271,0.58799,2.1925,3.8077,0.63948,1.3283,0.47485,1.1085,0.87821,0.53429
0.71558,0.60351,2.1996,3.5918,0.65717,1.1605,0.45369,1.0699,0.86537,0.49389
0.71655,0.60069,2.1958,3.4007,0.67617,1.1761,0.43521,1.0806,0.85582,0.46406
0.69146,0.58457,2.2419,3.3764,0.67637,1.2654,0.43766,1.0668,0.85708,0.46113
0.66394,0.56789,2.3057,3.307,0.68875,1.219,0.45067,1.0208,0.89723,0.46691
0.6321,0.54808,2.3426,3.3332,0.6809,1.1064,0.45094,0.94996,0.91866,0.47914
0.60177,0.53294,2.237,3.3857,0.6665,1.0771,0.45489,0.91755,0.95484,0.50073
0.5733,0.52688,2.1678,3.5667,0.66471,1.3356,0.45857,0.90206,0.98449,0.52311
0.57918,0.53039,2.0706,3.4914,0.66593,1.4222,0.48144,0.90277,1.0218,0.52678
0.61309,0.55103,2.028,3.4246,0.65407,1.3382,0.50456,0.88836,1.0414,0.53034
0.65293,0.60495,1.9241,3.2941,0.6665,1.3133,0.5021,0.87479,1.0194,0.54098
0.6851,0.62677,1.8402,3.2506,0.67633,1.3961,0.49477,0.86323,0.99031,0.52958
0.70903,0.64405,1.7606,3.2875,0.67286,1.3375,0.51242,0.87957,0.9885,0.52891
0.7254,0.63402,1.7651,3.7055,0.67584,1.2806,0.53126,0.91107,1.0317,0.53666
0.72313,0.63392,1.8039,4.04,0.69523,1.421,0.53363,0.96637,1.0781,0.55522
0.71866,0.63815,1.7988,4.1939,0.71253,1.5778,0.5203,0.99648,1.0756,0.55177
0.71418,0.6616,1.8152,4.0417,0.75067,1.5545,0.51169,0.98727,1.0562,0.5308
0.68475,0.66935,1.794,3.7727,0.78824,1.3986,0.50848,1.0016,1.0192,0.50309
0.67749,0.65537,1.833,3.5179,0.79292,1.3679,0.51757,1.0026,1.0026,0.4854
0.69287,0.63713,1.9087,3.4721,0.76812,1.5131,0.5139,1.0058,1.0055,0.48521
0.69765,0.62712,1.8963,3.2834,0.71955,1.4887,0.51061,1.0115,0.99206,0.4872
0.70038,0.6131,1.875,3.0384,0.68775,1.3472,0.50454,1.0196,0.98895,0.49565
0.68699,0.59982,1.8897,2.83,0.67701,1.3777,0.49384,1.0304,0.96509,0.48938
0.67629,0.59914,1.935,2.6857,0.67309,1.4612,0.47949,1.0447,0.92439,0.4754
0.67657,0.57275,1.8786,2.699,0.6665,1.41,0.46281,1.01,0.91143,0.47458
0.64052,0.55301,1.7276,2.6461,0.63622,1.3082,0.44821,0.9874,0.88263,0.47
0.63147,0.58102,1.6364,2.6898,0.62914,1.4124,0.47412,1.0247,0.88349,0.48219
0.64225,0.62385,1.6104,2.8002,0.6254,1.5479,0.4968,1.0444,0.90151,0.50429
0.65342,0.63212,1.6721,2.8716,0.63645,1.5051,0.50342,1.0887,0.90726,0.52569
0.6597,0.65938,1.9322,3.2079,0.65014,1.4432,0.51688,1.1076,0.9479,0.53542
0.69442,0.72392,2.2809,3.7794,0.6863,1.5972,0.54698,1.0525,1.0021,0.52383
0.73817,0.74707,2.3744,3.9489,0.72313,1.5478,0.56739,0.98444,1.0367,0.50472
0.73456,0.73658,2.2368,3.8195,0.72932,1.3887,0.5615,0.97695,1.0367,0.49675
0.70547,0.73882,2.0747,3.5749,0.71629,1.2082,0.53816,1.0023,1.007,0.49151
0.67165,0.747,2.119,3.4826,0.76607,1.1749,0.50495,1.0175,0.99045,0.48716
0.64924,0.72895,2.1436,3.418,0.80959,1.2869,0.47862,1.0024,0.98742,0.50015
0.64003,0.70539,2.0924,3.2703,0.78883,1.2895,0.45974,0.96017,0.98292,0.4953
0.64096,0.67188,2.0247,3.0268,0.74777,1.2255,0.4445,0.93093,0.99987,0.49067
0.64378,0.64207,1.9641,2.7727,0.69836,1.1569,0.43277,0.91906,1.0042,0.49895
0.67055,0.61477,1.9518,2.62,0.68935,1.3346,0.45457,0.93865,1.0671,0.53052
0.7071,0.60768,1.9283,2.7927,0.69971,1.4181,0.46025,0.99663,1.0821,0.56238
0.71429,0.60638,1.9273,2.8589,0.69661,1.3487,0.45008,1.0137,1.0675,0.59335
0.72978,0.60417,1.9952,3.1059,0.69302,1.2592,0.45561,1.0797,1.04,0.63098
0.7227,0.59957,2.0359,3.3173,0.67586,1.3931,0.46203,1.1605,1.0457,0.71017
0.69485,0.59714,2.1025,3.4054,0.66248,1.42,0.47537,1.1414,1.007,0.74405
0.64862,0.60086,2.0557,3.2886,0.64856,1.3903,0.47982,1.097,0.9535,0.71754
0.59335,0.58704,2.0044,3.0709,0.65157,1.3028,0.46945,1.0871,0.91171,0.66947
0.57356,0.57184,1.9981,2.9054,0.66913,1.391,0.46906,1.0861,0.92361,0.62907
0.5763,0.55499,2.0271,2.9656,0.68961,1.4336,0.481,1.0361,0.95797,0.58374
0.61653,0.55523,2.0422,3.2698,0.71694,1.3797,0.50023,0.96923,0.96918,0.53748
0.64713,0.57895,2.0061,3.548,0.72568,1.3321,0.51571,0.94351,1.0152,0.52546
0.65991,0.61468,1.9642,3.4906,0.71643,1.5176,0.52207,0.93125,1.0562,0.51923
0.66658,0.64322,1.9641,3.3345,0.71456,1.5144,0.53758,0.92004,1.0631,0.51252
0.65277,0.6369,2.0165,3.1646,0.71726,1.3717,0.53564,0.90825,1.0353,0.48444
0.64489,0.60909,2.0807,3.1838,0.71694,1.2822,0.52242,0.96619,0.99626,0.45888
0.62697,0.58589,2.1773,3.1845,0.69463,1.3489,0.49119,0.99688,0.9397,0.44626
0.61576,0.57302,2.2628,3.2106,0.66267,1.2648,0.46567,1.0236,0.89983,0.44441
0.61494,0.60321,2.3458,3.1932,0.64614,1.1995,0.48213,1.079,0.86983,0.43532
0.62178,0.65702,2.3087,3.3037,0.67623,1.4061,0.50287,1.078,0.85485,0.43152
0.64847,0.71425,2.186,3.397,0.68853,1.4478,0.53,1.0342,0.85545,0.44796
0.64197,0.71728,2.0091,3.3964,0.6691,1.335,0.52923,0.9869,0.86319,0.45151
0.65992,0.71035,1.8464,3.3254,0.65538,1.3846,0.51844,0.95683,0.88908,0.45033
0.66137,0.72009,1.7405,3.3562,0.63917,1.5823,0.50298,0.93824,0.89181,0.45903
0.64476,0.71331,1.6499,3.4245,0.64918,1.6113,0.48406,0.96026,0.88855,0.47764
0.63675,0.69103,1.6835,3.3666,0.69639,1.6851,0.47128,0.98328,0.90676,0.48533
0.62643,0.65592,1.7556,3.3218,0.71572,1.8118,0.46286,0.99098,0.91206,0.48796
0.64332,0.64253,1.8426,3.2197,0.94265,1.7289,0.47923,1.029,0.94569,0.50213
0.64122,0.65177,1.8361,3.2036,2.3326,1.5882,0.48212,1.0519,0.97163,0.50951
0.62485,0.71118,1.8466,3.2608,3.3249,1.6584,0.49242,1.0682,0.97397,0.50628
0.59897,0.7647,1.7744,3.1041,3.3599,1.725,0.49406,1.042,0.95526,0.50428
0.60262,0.79105,1.6487,2.9061,2.9037,1.6421,0.51765,1.0455,0.9576,0.49459
0.5998,0.79659,1.526,2.7396,2.2639,1.6477,0.51502,1.0481,0.92094,0.4744
0.59399,0.74357,1.5879,2.7595,1.6592,1.5778,0.49702,1.0463,0.89052,0.48527
0.60689,0.67867,1.8463,3.0325,1.2071,1.4095,0.49373,1.0849,0.90948,0.49733
0.62417,0.63173,1.9131,3.2078,0.88051,1.4412,0.49205,1.1132,0.9095,0.49881
0.64131,0.60168,1.9822,3.3221,0.65753,1.6995,0.49177,1.0801,0.90436,0.49485
0.65768,0.58734,1.9971,3.3155,0.53291,1.668,0.49694,1.0126,0.93422,0.49981
0.66717,0.62306,1.956,3.214,0.47345,1.5993,0.49783,1.0067,0.952,0.5097
0.6666,0.6813,2.0375,3.1842,0.46151,1.7814,0.49705,1.0509,0.9617,0.51375
0.6753,0.70038,2.0401,2.9858,0.50856,1.7323,0.50498,1.0724,0.96094,0.5306
0.68355,0.78423,1.9554,2.7674,0.5619,1.7668,0.50639,1.0913,0.94371,0.53054
0.66978,0.88153,1.7947,2.5285,0.61676,1.7875,0.49193,1.088,0.95785,0.52399
0.66797,0.88748,1.7376,2.4405,0.65633,1.7247,0.48131,1.0351,0.97608,0.5203
0.65434,0.8558,1.7926,2.5931,0.67813,1.5869,0.47682,0.99732,0.97218,0.51698
0.65175,0.83315,1.8069,2.7154,0.69518,1.6594,0.47536,0.97655,0.97296,0.51502
0.65962,0.81138,1.7967,2.8395,0.71471,1.7411,0.48017,0.98744,0.99152,0.51722
0.68304,0.7708,1.8382,2.9705,0.73395,1.6897,0.49767,1.0101,1.029,0.5476
0.68892,0.74373,2.0106,3.0643,0.72821,1.8171,0.51368,1.0702,1.0336,0.55946
0.68393,0.71625,2.0663,3.3041,0.71279,1.7455,0.53063,1.0765,1.0476,0.56526
0.68959,0.72296,2.0894,3.3936,0.70489,1.6373,0.54562,1.1096,1.0797,0.57398
0.692,0.70642,2.0577,3.2728,0.70868,1.6401,0.53501,1.1379,1.0746,0.56314
0.68772,0.68553,2.0075,3.1709,0.71279,1.5892,0.51246,1.1351,1.0335,0.55201
0.69675,0.69678,2.2622,3.6784,0.73342,1.5395,0.50338,1.1481,1.042,0.58626
0.7005,0.69075,2.4816,4.2331,0.73058,1.6388,0.48616,1.1313,1.058,0.66342
0.71726,0.7069,2.5278,4.3542,0.75542,1.7723,0.47812,1.1643,1.0833,0.73327
0.71616,0.71276,2.4905,4.2844,0.7571,1.728,0.47932,1.1862,1.0906,0.74343
0.71595,0.71924,2.3802,3.9512,0.73987,1.8184,0.4756,1.2414,1.0757,0.71321
0.70389,0.69386,2.393,4.1167,0.71587,1.8884,0.4749,1.2386,1.0307,0.65882
0.6722,0.65472,2.2709,3.94,0.68302,1.8121,0.48164,1.1855,0.96129,0.60349
0.65065,0.67186,2.1234,3.5728,0.65454,1.7211,0.49563,1.161,0.88817,0.54607
0.66228,0.71304,2.015,3.3752,0.64414,1.8107,0.52849,1.2357,0.87936,0.51257
0.67741,0.71777,1.9921,3.2389,0.66531,1.7609,0.54112,1.2499,0.90389,0.50255
0.66806,0.702,2.0044,3.2835,0.6833,1.5798,0.53447,1.1578,0.92939,0.48996
0.6807,0.68546,2.04,3.4179,0.68662,1.42,0.52847,1.0443,0.95863,0.48709
0.68033,0.65612,2.0129,3.3125,0.67063,1.406,0.51514,0.93882,0.96246,0.47531
0.68691,0.67004,2.0486,3.1749,0.68109,1.3748,0.52744,0.91776,1.0009,0.48452
0.67484,0.67617,2.0346,3.119,0.68844,1.3622,0.52243,0.94218,1.039,0.49902
0.6373,0.70819,1.9833,3.2368,0.6925,1.5296,0.49286,1.0082,1.0167,0.48997
0.62579,0.71587,1.8962,3.3757,0.69285,1.483,0.48516,1.0329,0.96734,0.47493
0.61426,0.69311,1.8235,3.3222,0.68488,1.3353,0.47391,1.0452,0.92694,0.47511
0.59012,0.68802,1.9752,3.3818,0.64962,1.3345,0.46226,1.0621,0.90225,0.48974
0.59461,0.679,2.0511,3.2908,0.63137,1.5217,0.45532,1.092,0.8703,0.48363
0.61406,0.67345,2.0218,3.0932,0.63801,1.6139,0.44933,1.0954,0.82615,0.47028
0.63965,0.67462,1.9515,3.0166,0.65832,1.6272,0.46921,1.1528,0.82109,0.47378
0.65785,0.67485,1.9129,3.1027,0.66641,1.7948,0.50321,1.1772,0.85353,0.50342
0.65832,0.63002,1.9196,3.3949,0.66294,1.7314,0.51768,1.1352,0.87241,0.51652
0.65376,0.58555,1.9918,3.7537,0.66792,1.5423,0.49893,1.128,0.91178,0.52487
0.65768,0.56726,2.1239,4.0524,0.67652,1.4401,0.47614,1.0952,0.93146,0.50926
0.66567,0.54774,2.3512,4.3639,0.68139,1.5523,0.47372,1.0711,0.92554,0.48853
0.66452,0.53189,2.4808,4.4801,0.68793,1.489,0.46896,1.0488,0.93132,0.46801
0.65257,0.52611,2.4912,4.4383,0.66886,1.4425,0.46045,1.0425,0.91872,0.45536
0.64734,0.54192,2.3253,3.9904,0.64673,1.5085,0.48958,1.0989,0.91938,0.44436
0.6509,0.57191,2.1676,3.5961,0.65863,1.6292,0.52664,1.1811,0.95715,0.46349
0.64582,0.59728,2.1004,3.2696,0.65161,1.6268,0.53378,1.2422,0.96605,0.48707
0.63512,0.60164,1.937,2.9911,0.62516,1.5136,0.51266,1.3112,0.93419,0.48961
0.63632,0.60638,1.8036,2.9354,0.62723,1.5863,0.49938,1.3276,0.91678,0.50866
0.62632,0.59716,2.0784,3.3567,0.62663,1.5749,0.49656,1.29,0.90112,0.5227
0.61296,0.581,2.1353,3.4173,0.63473,1.4004,0.49133,1.2293,0.88238,0.51543
0.61783,0.60308,2.1953,3.5209,0.65488,1.4707,0.48372,1.1745,0.91204,0.49818
0.6179,0.64094,2.243,3.6116,0.64727,1.5467,0.47723,1.1478,0.9196,0.47549
0.613,0.68431,2.1654,3.5357,0.6386,1.5607,0.46492,1.1345,0.92075,0.4657
0.63994,0.6964,2.065,3.4763,0.62977,1.439,0.47178,1.1532,0.92263,0.46316
0.68711,0.727,2.0663,3.3609,0.6297,1.6401,0.47655,1.1813,0.95536,0.4713
0.71385,0.70736,2.0116,3.5101,0.62325,1.6764,0.47318,1.1106,0.97536,0.4746
0.70848,0.67181,2.0625,3.7538,0.61731,1.5663,0.46912,1.0679,0.97225,0.49701
0.69983,0.64906,2.029,3.8439,0.62369,1.4372,0.48434,1.0303,0.9832,0.53046
0.69305,0.62789,1.9749,3.7811,0.65808,1.5852,0.49667,1.0587,0.97344,0.52969
0.69428,0.61527,1.9148,3.6959,0.67359,1.5715,0.53115,1.0895,0.95751,0.51409
0.6728,0.63043,2.006,3.6459,0.67836,1.5019,0.55171,1.0859,0.91884,0.4829
0.64852,0.67173,2.0929,3.5968,0.69025,1.6553,0.55138,1.115,0.92189,0.48424
0.63439,0.6901,2.1659,3.7223,0.71849,1.7697,0.53277,1.199,0.95954,0.48423
0.64302,0.67398,2.2552,3.8546,0.7124,1.744,0.51495,1.1968,0.99539,0.52439
0.66759,0.66997,2.4874,4.1048,0.72683,1.6723,0.50826,1.1901,1.0503,0.61466
0.70203,0.70514,2.672,4.1223,0.76876,1.797,0.50613,1.1687,1.09,0.71806
0.70334,0.69371,2.6071,4.0669,0.77319,1.7277,0.49213,1.0999,1.1002,0.74984
0.69003,0.69427,2.4299,3.8309,0.76534,1.5713,0.4751,1.1042,1.0953,0.7314
0.66195,0.77987,2.3638,3.7272,0.75017,1.6328,0.45987,1.1232,1.058,0.67886
0.63056,0.78118,2.2654,3.5865,0.72741,1.506,0.44209,1.1079,1.0156,0.61088
0.63124,0.7464,2.1234,3.4538,0.71446,1.3285,0.44426,1.0885,1.0161,0.56599
0.66679,0.76166,2.0737,3.4966,0.71616,1.4244,0.46643,1.1465,1.0214,0.52685
0.70431,0.78965,2.0179,3.5461,0.71659,1.531,0.50733,1.2311,1.0413,0.50306
0.70189,0.75053,2.1475,3.679,0.71604,1.4427,0.51301,1.2224,1.0497,0.48089
0.68906,0.6952,2.2507,3.6945,0.70261,1.3433,0.50305,1.1905,1.0447,0.4717
0.66877,0.66654,2.1693,3.5437,0.68493,1.6361,0.48915,1.1909,1.0414,0.4814
0.65234,0.70736,2.0444,3.3624,0.66848,1.7059,0.48577,1.1387,1.0131,0.48636
0.65678,0.73774,1.8596,3.1427,0.68163,1.6598,0.48824,1.1234,1.0076,0.50042
0.64953,0.73412,1.6721,2.8548,0.6943,1.6175,0.49416,1.1157,1.0161,0.5166
0.63496,0.69881,1.5612,2.6372,0.70506,1.4687,0.50076,1.072,0.99217,0.50763
0.63562,0.68919,1.559,2.6107,0.69563,1.2592,0.5205,1.1148,0.9711,0.50964
0.64792,0.69543,1.6289,2.6322,0.67266,1.1234,0.52077,1.1099,0.9481,0.51356
0.64919,0.67596,1.6552,2.5994,0.66529,1.2539,0.52093,1.0915,0.94219,0.51725
0.62418,0.63572,1.6284,2.5693,0.67276,1.3979,0.51429,1.0448,0.92432,0.51944
0.59379,0.59681,1.5951,2.4584,0.68883,1.4125,0.49983,0.99473,0.92636,0.53198
0.57451,0.58634,1.6061,2.3806,0.67635,1.6339,0.4777,0.97332,0.9032,0.51256
0.58007,0.57695,1.8283,2.5906,0.65422,1.8092,0.47024,1.0166,0.88376,0.49405
0.59124,0.56147,1.9609,2.7673,0.63739,1.7457,0.46911,1.0633,0.90075,0.48425
0.59339,0.61798,2.0051,2.7575,0.62163,1.6558,0.47195,1.0371,0.93432,0.4812
0.59406,0.69714,2.0254,2.8728,0.60505,1.6405,0.46084,1.0048,0.9257,0.46566
0.58664,0.72436,1.9667,2.9139,0.60998,1.4803,0.43955,0.99545,0.8869,0.46025
0.58975,0.75141,1.9133,3.2804,0.62954,1.3265,0.43987,1.0399,0.85196,0.4601
0.59549,0.76583,1.8698,3.4531,0.61888,1.4288,0.43074,1.1269,0.83625,0.45204
0.59178,0.71866,1.9233,3.6166,0.58879,1.5233,0.42027,1.1226,0.82917,0.44552
0.6022,0.6765,1.9594,3.6645,0.58489,1.5135,0.41777,1.0929,0.84743,0.43945
0.62505,0.65979,2.0227,3.6704,0.58921,1.5783,0.4252,1.0182,0.85917,0.43417
0.64665,0.63619,2.141,3.5799,0.58418,1.6926,0.42723,0.92569,0.84465,0.4278
0.67744,0.60335,2.3223,3.5355,0.57297,1.5614,0.43505,0.86672,0.82341,0.41294
0.68774,0.5883,2.3781,3.5181,0.56793,1.3449,0.44348,0.81098,0.82837,0.41084
0.69449,0.642,2.3016,3.5489,0.5886,1.3177,0.4678,0.777,0.86143,0.43111
0.70483,0.67386,2.2252,3.5344,0.64078,1.2825,0.49682,0.81207,0.90275,0.45971
0.70609,0.67382,2.3116,3.7311,0.68512,1.1804,0.51533,0.90722,0.94303,0.49179
0.68545,0.65527,2.2191,3.6622,0.69057,1.2121,0.50918,0.94119,0.91307,0.49524
0.68772,0.6466,2.0213,3.4978,0.70786,1.3651,0.50614,0.98252,0.91,0.49999
0.72365,0.6706,1.8781,3.446,0.75293,1.4933,0.51158,1.0133,0.92661,0.50966
0.74564,0.6843,1.8856,3.5422,0.77756,1.4834,0.50947,1.0689,0.93664,0.5145
0.72199,0.68457,1.9145,3.4998,0.7893,1.5566,0.4951,1.163,0.93052,0.51435
0.6782,0.66285,1.9001,3.383,0.76773,1.5985,0.4795,1.192,0.90671,0.49548
0.64431,0.6386,1.9021,3.365,0.7134,1.456,0.46896,1.1301,0.86896,0.4779
0.63628,0.61892,1.9808,3.4939,0.66593,1.4069,0.47169,1.1227,0.84111,0.47526
0.60917,0.61128,1.9473,3.4286,0.62373,1.4302,0.46617,1.102,0.85507,0.48771
0.59914,0.62281,2.0252,3.4361,0.60473,1.3083,0.46183,1.026,0.85969,0.48985
0.60312,0.65375,2.1616,3.5551,0.60674,1.1562,0.45949,0.97201,0.87605,0.52111
0.6016,0.6852,2.2037,3.6736,0.59271,1.1468,0.46048,0.95981,0.90702,0.59763
0.62075,0.74883,2.2203,3.7806,0.58688,1.3455,0.48214,0.99292,0.96878,0.72697
0.63828,0.78249,2.1762,3.7274,0.60279,1.3774,0.48531,0.99626,0.98294,0.75499
0.66024,0.80067,2.1093,3.6024,0.61494,1.4176,0.49398,1.0083,0.98046,0.72212
0.65916,0.77285,2.1035,3.5423,0.63314,1.6677,0.50914,0.97823,0.97966,0.66306
0.6418,0.72206,2.1239,3.538,0.63227,1.7121,0.50869,1.0348,0.9689,0.59055
0.61567,0.68287,2.1468,3.2683,0.63034,1.732,0.51467,1.1957,0.97442,0.5168
0.58526,0.65696,2.1278,3.017,0.61524,2.0114,0.51291,1.3057,0.9655,0.47076
0.58331,0.60244,2.1391,3.074,0.59684,1.972,0.50056,1.3236,0.96664,0.45749
0.59613,0.5799,2.1438,3.025,0.59791,1.7792,0.48891,1.2905,1.0059,0.46084
0.61653,0.57955,2.0481,2.9969,0.6138,1.7179,0.50148,1.244,1.0104,0.48162
0.63254,0.58768,1.9316,2.8429,0.66145,1.6564,0.50173,1.1653,0.98665,0.50102
0.61742,0.58521,1.8142,2.7696,0.69494,1.4889,0.49064,1.084,0.9776,0.51528
0.6065,0.70519,1.7628,2.7011,0.69585,1.6058,0.47712,1.0827,0.9705,0.52085
0.59321,0.78479,1.7017,2.5619,0.68191,1.671,0.45994,1.0774,0.95044,0.51222
0.60476,0.80106,1.7514,2.515,0.71276,1.5769,0.46018,1.0953,0.9577,0.51118
0.6266,0.75584,1.7797,2.5928,0.72129,1.6375,0.46354,1.0834,0.98662,0.5049
0.65093,0.73133,1.7708,2.8093,0.72113,1.8795,0.4922,1.0985,1.0095,0.51566
0.67483,0.68423,1.8727,3.0017,0.71865,1.7946,0.499,1.0922,1.0175,0.50782
0.69152,0.66903,2.0914,3.3991,0.72187,1.6593,0.4918,1.0597,1.0004,0.5039
0.70268,0.65782,2.1843,3.4904,0.74166,1.6586,0.48428,1.0436,0.97251,0.50186
0.69622,0.65426,2.136,3.3293,0.7262,1.638,0.4816,1.0442,0.95426,0.51322
0.67516,0.65212,2.0569,3.1955,0.67989,1.5479,0.46744,1.0293,0.91779,0.5039
0.65607,0.64465,2.1043,3.2168,0.64542,1.6506,0.48127,1.0099,0.87591,0.50243
0.63398,0.6091,2.1417,3.3406,0.61426,1.5451,0.47066,0.95059,0.85238,0.49846
0.61565,0.57153,2.0948,3.2358,0.58552,1.3881,0.46608,0.95103,0.85753,0.49173
0.6093,0.56514,2.0301,3.0842,0.57359,1.3741,0.47968,0.98306,0.87313,0.48757
0.61684,0.56678,1.9174,3.0225,0.61137,1.5122,0.50515,0.99414,0.9207,0.50374
0.61841,0.60162,1.8276,3.0824,0.65803,1.4721,0.52211,0.98852,0.98144,0.52214
0.60808,0.63502,1.7494,3.0535,0.68516,1.3566,0.52141,0.96841,0.9883,0.51965
0.60419,0.64395,1.8794,3.032,0.67372,1.5146,0.50578,1.0363,0.98301,0.50357
0.60381,0.67001,1.9248,2.9265,0.65373,1.5817,0.49988,1.0866,0.95997,0.47695
0.60296,0.66027,1.8946,2.7886,0.63737,1.5313,0.48824,1.0589,0.90361,0.44401
0.61064,0.6732,1.9071,2.9045,0.62519,1.6193,0.47017,1.1105,0.85934,0.44004
0.63779,0.69815,2.1597,3.3035,0.63582,1.6643,0.46082,1.1718,0.83934,0.46242
0.64821,0.77095,2.1882,3.5089,0.66878,1.7557,0.45956,1.2105,0.83606,0.47737
0.64216,0.82648,2.0948,3.4101,0.71849,1.8486,0.46795,1.2261,0.8558,0.49079
0.6285,0.82291,2.043,3.4112,0.72657,1.883,0.47107,1.1915,0.89845,0.51199
0.64767,0.80078,2.0259,3.5447,0.72674,1.8128,0.48504,1.1123,0.94716,0.5304
0.66033,0.78116,1.9613,3.6051,0.71326,1.7677,0.49024,1.0443,0.97234,0.54095
0.67482,0.82643,1.8279,3.4443,0.67694,2.0858,0.49478,1.0418,0.98213,0.56489
0.68061,0.83684,1.7434,3.5435,0.64462,2.2321,0.49897,1.1913,0.98158,0.58808
0.6831,0.85155,1.7036,3.6292,0.61851,2.4948,0.4815,1.4268,0.95417,0.57241
0.67334,0.90958,1.7792,3.6067,0.61563,2.4137,0.47348,1.8048,0.9396,0.55151
0.68007,1.0474,1.9774,3.6868,0.63492,2.388,0.48455,2.1869,0.98044,0.56137
0.671,1.0607,2.2115,3.6747,0.64633,2.2496,0.47521,2.1534,0.96893,0.56258
0.67001,1.0184,2.25,3.3724,0.6503,2.0323,0.46621,2.0106,0.94765,0.54576
0.68421,0.98061,2.2684,3.1376,0.67703,1.9257,0.49814,1.8486,0.98967,0.56685
0.69672,0.92906,2.3926,3.1988,0.68792,2.0654,0.51117,1.6118,1.0438,0.61862
0.70761,0.88071,2.4236,3.3581,0.71931,2.0455,0.51979,1.4039,1.1121,0.73257
0.69062,0.84951,2.2898,3.609,0.77743,2.1325,0.50434,1.2459,1.0946,0.78355
0.67595,0.81661,2.1986,3.9395,0.80321,2.2225,0.5043,1.1925,1.0745,0.77713
0.65338,0.80577,2.0504,3.9838,0.81624,2.2807,0.4926,1.2167,1.0048,0.70271
0.65042,0.8011,1.9637,3.7893,0.79981,2.2582,0.48448,1.3693,0.95306,0.62406
0.64633,1.0233,1.8201,3.5669,0.82237,2.456,0.50258,1.9413,0.90296,0.57192
0.64971,1.1883,1.7814,3.6611,0.88547,2.4689,0.53903,2.2346,0.87571,0.52517
0.65036,1.232,2.0165,4.1011,0.89021,2.3472,0.58007,2.3177,0.87826,0.4888
0.6697,1.2477,2.1934,4.2149,0.87237,2.4221,0.60985,2.359,0.92628,0.4776
0.6911,1.1993,2.3328,4.0897,0.81417,2.2311,0.59965,2.19,0.97371,0.49199
0.70172,1.1621,2.4567,4.1449,0.783,1.9854,0.58524,1.9883,1.0169,0.50664
0.6949,1.1095,2.5561,3.9943,0.75804,1.9379,0.57494,1.7935,1.0343,0.51032
0.68614,1.0073,2.5136,3.8189,0.74449,1.9765,0.55872,1.5626,1.0299,0.51676
0.68239,0.93301,2.4677,3.8446,0.76076,1.8608,0.56709,1.4741,1.0474,0.55044
0.69603,0.87408,2.3762,3.9201,0.90759,1.7045,0.60558,1.3858,1.0477,0.56549
0.71027,0.8871,2.3183,3.9956,1.0503,1.7463,0.61992,1.4127,1.0584,0.59138
0.75816,1.0017,2.3383,4.31,1.2109,1.908,0.66064,1.8632,1.0701,0.61537
0.77541,1.0849,2.3153,4.3285,1.2761,2.1598,0.67258,2.0719,1.062,0.60913
0.75109,1.104,2.153,3.991,1.2636,2.1817,0.65768,2.1059,1.0779,0.60793
0.72143,1.1344,1.9921,3.6785,1.2043,2.3523,0.62023,2.0981,1.056,0.60331
0.68563,1.0773,1.7951,3.3637,1.0933,2.1968,0.57407,1.933,1.0078,0.59396
0.66363,1.0283,1.6201,3.1414,0.98291,1.9088,0.54711,1.7493,0.99487,0.57203
0.6616,0.91869,1.5388,2.9312,0.8985,1.6504,0.52815,1.5419,0.98565,0.54009
0.64485,0.81528,1.5294,2.79,0.84707,1.4395,0.49976,1.3082,0.9588,0.51199
0.61983,0.75724,1.4708,2.8348,0.79591,1.2495,0.47398,1.1652,0.94397,0.49116
0.61275,0.72866,1.4652,3.0628,0.7771,1.2025,0.47763,1.1294,0.93304,0.47747
0.6429,0.70887,1.5216,3.1368,0.85605,1.3585,0.49272,1.0977,0.92707,0.46629
0.67289,0.68721,1.6708,3.3872,0.94303,1.356,0.50219,1.0527,0.91673,0.45883
0.69144,0.67659,1.7578,3.4244,1.0181,1.243,0.50558,1.1889,0.93255,0.47433
0.69282,0.66719,1.8121,3.26,1.051,1.1344,0.50423,1.218,0.94852,0.49549
0.68418,0.67984,1.7568,3.022,1.0089,1.1495,0.49751,1.2074,0.95991,0.51259
0.67938,0.70286,1.7432,3.023,0.94023,1.4066,0.50156,1.2079,0.9188,0.50449
0.68809,0.71402,1.814,3.003,0.85661,1.4309,0.50417,1.1811,0.87325,0.4867
0.65985,0.69457,1.9375,3.2311,0.79287,1.31,0.50718,1.1648,0.84141,0.47574
0.64332,0.68585,1.9923,3.4934,0.80375,1.2657,0.51358,1.1501,0.8084,0.46584
0.64391,0.76783,1.9956,3.5177,0.82247,1.6931,0.52934,1.3155,0.82246,0.47253
0.65386,0.88899,2.0408,3.5156,0.84331,2.227,0.52351,1.3963,0.83822,0.48883
0.66871,0.92684,2.0484,3.4804,0.84529,2.2881,0.51444,1.3711,0.85109,0.51361
0.69893,0.94541,2.1022,3.4808,0.82846,2.2005,0.50079,1.3024,0.85616,0.53354
0.71352,0.88113,2.1015,3.5223,0.82393,2.0397,0.49005,1.2093,0.86186,0.53005
0.72306,0.79273,2.2422,3.6586,0.8015,2.511,0.47856,1.1125,0.86797,0.51231
0.70615,0.713,2.2798,3.7762,0.80598,2.9875,0.47119,1.0453,0.86748,0.49974
0.67232,0.84719,2.1459,3.6451,0.80212,3.062,0.45704,1.2748,0.86786,0.48897
0.64796,1.015,1.9967,3.4367,0.75844,2.803,0.45704,1.3948,0.88486,0.4746
0.63862,1.0401,1.9453,3.2495,0.73591,2.3988,0.46861,1.3734,0.91781,0.4785
0.62326,1.0136,1.9859,3.3201,0.71278,1.9036,0.46161,1.2408,0.91016,0.52283
0.63607,0.952,2.1009,3.7683,0.68925,1.4674,0.46516,1.1201,0.93317,0.56983
0.62636,0.93511,2.0529,4.119,0.65727,1.3579,0.45076,1.0322,0.93364,0.68793
0.63611,0.91297,2.0343,4.0254,0.64942,1.5717,0.44373,1.0155,0.95278,0.72593
0.63713,0.8736,1.9479,3.6887,0.65202,1.5759,0.43741,0.99909,0.95082,0.69326
0.61358,0.7933,1.8089,3.4157,0.64459,1.4181,0.43872,0.95662,0.95051,0.64735
0.60194,0.7422,1.668,3.2643,0.63208,1.3095,0.45231,0.93754,0.92089,0.58054
0.60022,0.72499,1.5636,3.1946,0.64143,1.208,0.47535,0.94593,0.91771,0.5323
0.58255,0.6896,1.5888,3.2337,0.65608,1.0366,0.47629,0.95376,0.89332,0.50299
0.56472,0.64401,1.5978,3.1473,0.64761,0.9142,0.46459,0.93836,0.85404,0.48433
0.55989,0.62259,1.6048,2.9718,0.65483,1.0984,0.46333,0.9514,0.83536,0.47242
0.55806,0.61765,1.6189,2.7691,0.65793,1.2794,0.46742,0.98259,0.83855,0.47063
0.57007,0.6167,1.6244,2.6194,0.64375,1.2856,0.48066,0.98439,0.84978,0.47345
0.5772,0.79812,1.7752,2.5892,0.61786,1.1641,0.47393,1.3381,0.86075,0.46864
0.58963,1.215,1.9955,2.7425,0.62968,1.0204,0.47616,1.8845,0.89371,0.47149
0.6452,1.5299,2.1022,2.7792,0.6853,0.97131,0.4963,2.3374,0.95685,0.50194
0.72193,1.9036,2.2267,2.7483,0.78782,0.93842,0.51625,2.7694,1.0178,0.52082
0.75541,2.1951,2.1757,2.6466,0.82496,1.1723,0.51665,3.08,1.0564,0.53226
0.75495,2.2754,2.0571,2.6412,0.82921,1.4741,0.50345,3.2637,1.0016,0.52647
0.73149,2.2525,1.9896,2.7412,0.79214,1.5841,0.48288,3.1186,0.93072,0.52801
0.68908,2.1023,1.9287,2.8792,0.73906,1.5008,0.47276,2.9911,0.87592,0.52825
0.65974,1.8905,1.8271,2.9091,0.68968,1.3469,0.45808,2.7544,0.8655,0.53024
0.62026,1.5486,1.9191,3.2969,0.66451,1.17,0.44549,2.3123,0.87987,0.53526
0.57787,1.3743,1.8783,3.5169,0.62382,1.0105,0.42094,2.0649,0.87601,0.53098
0.54014,1.4969,1.7995,3.5197,0.58207,1.1075,0.38936,2.1887,0.87692,0.51907
0.53199,1.5229,1.8192,3.3882,0.55389,1.3567,0.36356,2.0672,0.89477,0.49568
0.56712,1.4196,1.8952,3.4012,0.5732,1.3566,0.36852,1.9789,0.92428,0.47712
0.59865,1.4357,1.9388,3.4579,0.60841,1.2094,0.39243,1.95,0.95217,0.46497
0.62243,1.3205,1.9238,3.3601,0.64093,1.1125,0.42441,1.7898,0.97023,0.46642
0.65421,1.3231,1.9867,3.4921,0.66185,1.0363,0.46202,1.946,1.0045,0.47561
0.69885,1.3225,2.1109,3.6339,0.68988,0.93417,0.49802,1.9062,1.0382,0.49106
0.70028,1.3733,2.213,3.7841,0.69661,0.83366,0.50586,2.0544,1.0348,0.50546
0.68975,1.4,2.1755,3.6337,0.68114,0.75259,0.50705,1.9879,1.012,0.52373
0.69134,1.2752,2.3,3.4546,0.66008,0.71265,0.49723,1.7397,0.98418,0.53015
0.69772,1.1802,2.3593,3.1558,0.64009,0.71483,0.49425,1.6703,0.9711,0.53616
0.70372,1.2328,2.3238,2.959,0.64888,0.71174,0.5095,1.6968,1.0006,0.54692
0.7238,1.1533,2.3397,2.8916,0.66763,0.71166,0.52061,1.6108,1.0311,0.55002
0.72302,1.1242,2.2112,2.764,0.65548,0.69606,0.5098,1.6973,1.0091,0.52294
0.71866,1.1799,2.1235,2.8144,0.6626,0.68681,0.50122,1.7482,1.0173,0.51208
0.72183,1.1051,2.1129,2.7814,0.81645,0.74249,0.51362,1.6617,1.0106,0.50424
0.70881,1.0205,2.059,2.7481,0.97503,0.93552,0.52301,1.5924,0.99758,0.51272
0.70163,1.0045,1.9363,2.602,1.0137,1.0695,0.5254,1.7132,0.99157,0.52341
0.6949,1.1105,1.8304,2.4986,0.98766,1.0572,0.53112,1.8155,0.98569,0.53372
0.70542,1.0845,1.7644,2.6115,0.93019,0.98851,0.5374,1.6915,1.0034,0.55061
0.7051,0.96722,1.8511,2.9736,0.85103,0.91805,0.53262,1.5083,0.99809,0.5524
0.69626,0.86644,2.0534,3.323,0.81381,0.94579,0.52401,1.3324,0.98563,0.53771
0.6891,0.78519,2.2327,3.5021,0.7813,1.2632,0.5084,1.2059,0.98757,0.52086
0.67084,0.70456,2.2859,3.4333,0.74877,1.3501,0.49177,1.0956,0.96855,0.5053
0.65536,0.64895,2.2229,3.2592,0.73504,1.2796,0.48496,1.074,0.96113,0.49783
0.63599,0.61344,2.1875,3.425,0.71505,1.1357,0.47957,1.0473,0.95517,0.50359
0.65617,0.71621,2.2037,3.6812,0.74073,1.0121,0.49705,1.3457,1.0212,0.56117
0.69011,0.89383,2.3079,3.8055,0.72628,0.92265,0.50109,1.5602,1.1094,0.66695
0.70666,0.96323,2.2554,3.7534,0.69362,0.81965,0.4916,1.5731,1.165,0.74915
0.71626,0.93643,2.3109,3.5967,0.6579,0.78362,0.47983,1.4455,1.1721,0.77127
0.73721,0.87646,2.2152,3.3253,0.64491,0.81405,0.60194,1.2525,1.1356,0.73409
0.94047,0.81258,1.9911,2.9678,0.721,0.79258,1.1971,1.1174,1.038,0.65286
