ALL,T1,0,18.15225316,11.57276226,C7,0,19.23514495,2.226665218,,,,
ALL,T1,4.19695,17.58840457,11.364301,C7,3.74794839,18.77405938,1.372054961,,,,
ALL,C7,0,18.87786412,15.40145906,C6,0,21.22665718,1.834449928,,,,
ALL,C7,4.327575197,17.73473016,15.37319097,C6,3.34506383,21.32068065,1.722502462,,,,
ALL,C6,0,18.84750593,11.16154213,C5,0,18.94931844,3.000652576,,,,
ALL,C6,2.766342788,20.54521989,11.56730817,C5,2.73820283,18.54142037,2.919724235,,,,
ALL,C5,0,18.21208433,11.66805988,C4,0,16.90559642,1.090339274,,,,
ALL,C5,3.261018583,17.80151327,11.58660121,C4,4.85773443,16.28572526,1.447238376,,,,
ALL,C4,0,16.48397657,12.51989807,C3,0,14.71121313,2.267551494,,,,
ALL,C4,4.267889894,15.12317573,12.71613091,C3,3.180898759,14.46536626,2.19739031,,,,
ALL,C3,0,14.41183447,10.86762384,C2,0,16.31484641,3.29911213,,,,
ALL,C3,3.333102272,13.49678334,10.96556426,C2,3.356290308,16.21795394,3.246353135,,,,
ALL,C2,0,13.00249102,13.26446587,C1,0,41.49545446,6.208866744,,,,
ALL,C2,2.669544536,11.99773644,12.91773192,C1,2.026696137,41.19374746,6.221842414,,,,
ALL,C1,0,41.49545446,6.208866744,skull,0,-83.22824968,-52.22924579,,,,
ALL,C1,2.026696137,41.19374746,6.221842414,skull,3.167829239,-83.10570092,-52.59652134,,,,
PLL,T1,0,0.364880101,13.50448435,C7,0,-0.658210948,3.160035215,,,,
PLL,T1,2.809375,0.295169766,14.32097411,C7,2.754565237,-1.773107075,2.682654118,,,,
PLL,C7,0,-1.038246513,17.30485524,C6,0,-0.867436245,0.970449543,,,,
PLL,C7,3.707321883,-1.666800535,17.81638571,C6,3.68931833,-1.465896438,1.377894111,,,,
PLL,C6,0,-0.79456193,13.89856498,C5,0,-1.295726894,1.836171746,,,,
PLL,C6,3.248253787,-0.79456193,13.89856498,C5,3.08401182,-1.295726894,1.836171746,,,,
PLL,C5,0,-0.23697367,14.04262564,C4,0,-0.462055391,1.31394058,,,,
PLL,C5,4.08744277,-1.148141416,14.31477198,C4,4.506193847,-1.031718463,1.251117358,,,,
PLL,C4,0,-0.53244632,10.92463677,C3,0,-1.246496078,2.748133739,,,,
PLL,C4,3.297253061,-1.433511975,13.14208861,C3,3.835928821,-1.766132184,0.979393248,,,,
PLL,C3,0,-2.039745297,10.11500347,C2,0,-0.030133759,1.504332529,,,,
PLL,C3,3.848438075,-3.304568702,11.93501239,C2,5.129336632,-0.459172612,1.42619231,,,,
tectoral membrane,C2,0,0.095935008,5.155544655,skull,0,-86.65798471,-45.73631497,C2,0,-1.535105279,34.13028169
tectoral membrane,C2,2.863015282,-0.225970587,5.383665361,skull,3.785819476,-85.90054134,-44.73667991,C2,1.935059229,-0.571555842,34.15361906
AAOM,C1,0,38.92837042,13.81316133,skull,0,-83.91789808,-52.16770199,,,,
AAOM,C1,2.48230608,38.43919354,13.7901179,skull,3.028691973,-84.71590336,-52.66751952,,,,
AAOM,C1,6.744957536,37.33807648,15.61543651,skull,8.328827109,-83.92748718,-55.73266558,,,,
AAOM,C1,10.6531671,36.25379707,17.1020712,skull,11.83552292,-84.31690072,-58.76770215,,,,
ISL,T1,0,-17.10780884,7.801601721,C7,0,-20.17405302,3.117048744,,,,
ISL,T1,0,-19.61794441,6.047305784,C7,0,-23.58770293,0.347985119,,,,
ISL,T1,0,-22.12807998,4.293009847,C7,0,-27.00135284,-2.421078506,,,,
ISL,T1,0,-24.63821554,2.53871391,C7,0,-30.41500276,-5.190142131,,,,
ISL,T1,0,-27.14835111,0.784417973,C7,0,-33.82865267,-7.959205756,,,,
ISL,T1,0,-29.65848668,-0.969877964,C7,0,-37.24230258,-10.72826938,,,,
ISL,T1,0,-32.16862224,-2.724173901,C7,0,-40.6559525,-13.49733301,,,,
ISL,T1,0,-34.67875781,-4.478469838,C7,0,-44.06960241,-16.26639663,,,,
ISL,T1,0,-37.18889338,-6.232765775,C7,0,-47.48325232,-19.03546026,,,,
ISL,T1,0,-39.69902894,-7.987061712,C7,0,-50.89690223,-21.80452388,,,,
ISL,T1,0,-42.20916451,-9.741357648,C7,0,-54.31055215,-24.57358751,,,,
ISL,C7,0,-21.62080778,12.25044897,C6,0,-26.07994135,0.359672788,,,,
ISL,C7,0,-24.99529427,9.913445592,C6,0,-28.80883309,-0.738057755,,,,
ISL,C7,0,-28.36978075,7.57644221,C6,0,-31.53772482,-1.835788297,,,,
ISL,C7,0,-31.74426724,5.239438828,C6,0,-34.26661656,-2.93351884,,,,
ISL,C7,0,-35.11875373,2.902435446,C6,0,-36.9955083,-4.031249383,,,,
ISL,C7,0,-38.49324021,0.565432063,C6,0,-39.72440003,-5.128979925,,,,
ISL,C7,0,-41.8677267,-1.771571319,C6,0,-44.44150355,-7.377846968,,,,
ISL,C7,0,-45.24221318,-4.108574701,C6,0,-49.15860707,-9.626714012,,,,
ISL,C7,0,-48.61669967,-6.445578083,C6,0,-53.87571059,-11.87558106,,,,
ISL,C7,0,-51.99118616,-8.782581465,C6,0,-58.5928141,-14.1244481,,,,
ISL,C7,0,-55.36567264,-11.11958485,C6,0,-63.30991762,-16.37331514,,,,
ISL,C6,0,-24.38554462,10.74998588,C5,0,-26.94795997,-2.16372619,,,,
ISL,C6,0,-28.76573263,8.725050786,C5,0,-28.6417442,-2.622190822,,,,
ISL,C6,0,-33.14592064,6.700115691,C5,0,-30.33552843,-3.080655455,,,,
ISL,C6,0,-37.52610865,4.675180596,C5,0,-32.02931266,-3.539120087,,,,
ISL,C6,0,-41.90629666,2.650245501,C5,0,-33.72309689,-3.997584719,,,,
ISL,C6,0,-46.28648467,0.625310406,C5,0,-35.41688113,-4.456049351,,,,
ISL,C6,0,-49.38900497,-1.557706509,C5,0,-38.12974599,-6.218412614,,,,
ISL,C6,0,-52.49152528,-3.740723423,C5,0,-40.84261086,-7.980775876,,,,
ISL,C6,0,-55.59404558,-5.923740338,C5,0,-43.55547573,-9.743139138,,,,
ISL,C6,0,-58.69656589,-8.106757253,C5,0,-46.26834059,-11.5055024,,,,
ISL,C6,0,-61.79908619,-10.28977417,C5,0,-48.98120546,-13.26786566,,,,
ISL,C5,0,-21.63638757,9.968287469,C4,0,-22.61390901,-4.182796488,,,,
ISL,C5,0,-24.49690211,8.649141036,C4,0,-24.57009902,-4.923762964,,,,
ISL,C5,0,-27.35741665,7.329994603,C4,0,-26.52628903,-5.664729439,,,,
ISL,C5,0,-30.21793119,6.010848171,C4,0,-28.48247903,-6.405695915,,,,
ISL,C5,0,-33.07844573,4.691701738,C4,0,-30.43866904,-7.146662391,,,,
ISL,C5,0,-35.93896027,3.372555305,C4,0,-32.39485904,-7.887628866,,,,
ISL,C5,0,-39.02594519,0.581150364,C4,0,-34.35104905,-8.628595342,,,,
ISL,C5,0,-42.1129301,-2.210254576,C4,0,-36.30723906,-9.369561817,,,,
ISL,C5,0,-45.19991502,-5.001659516,C4,0,-38.26342906,-10.11052829,,,,
ISL,C5,0,-48.28689993,-7.793064457,C4,0,-40.21961907,-10.85149477,,,,
ISL,C5,0,-51.37388485,-10.5844694,C4,0,-42.17580907,-11.59246124,,,,
ISL,C4,0,-23.9746801,8.435459768,C3,0,-22.18955398,-4.648842253,,,,
ISL,C4,0,-25.08976898,7.239500437,C3,0,-23.82213181,-6.216161963,,,,
ISL,C4,0,-26.20485787,6.043541107,C3,0,-25.45470964,-7.783481673,,,,
ISL,C4,0,-27.31994676,4.847581776,C3,0,-27.08728747,-9.350801384,,,,
ISL,C4,0,-28.43503565,3.651622445,C3,0,-28.7198653,-10.91812109,,,,
ISL,C4,0,-29.55012454,2.455663115,C3,0,-30.35244313,-12.4854408,,,,
ISL,C4,0,-31.79337056,1.519290261,C3,0,-32.3904411,-12.93810599,,,,
ISL,C4,0,-34.03661658,0.582917407,C3,0,-34.42843906,-13.39077118,,,,
ISL,C4,0,-36.2798626,-0.353455446,C3,0,-36.46643703,-13.84343637,,,,
ISL,C4,0,-38.52310863,-1.2898283,C3,0,-38.504435,-14.29610155,,,,
ISL,C4,0,-40.76635465,-2.226201154,C3,0,-40.54243297,-14.74876674,,,,
ISL,C3,0,-22.27744559,7.745404739,C2,0,-18.67890063,-9.663620518,,,,
ISL,C3,0,-24.10020433,6.421876925,C2,0,-20.25081899,-10.33380412,,,,
ISL,C3,0,-25.92296306,5.09834911,C2,0,-21.82273735,-11.00398771,,,,
ISL,C3,0,-27.7457218,3.774821295,C2,0,-23.39465572,-11.67417131,,,,
ISL,C3,0,-29.56848054,2.45129348,C2,0,-24.96657408,-12.34435491,,,,
ISL,C3,0,-31.39123927,1.127765665,C2,0,-26.53849244,-13.01453851,,,,
ISL,C3,0,-33.21399801,-0.195762149,C2,0,-28.11041081,-13.68472211,,,,
ISL,C3,0,-35.03675675,-1.519289964,C2,0,-29.68232917,-14.3549057,,,,
ISL,C3,0,-36.85951549,-2.842817779,C2,0,-31.25424753,-15.0250893,,,,
ISL,C3,0,-38.68227422,-4.166345594,C2,0,-32.8261659,-15.6952729,,,,
ISL,C3,0,-40.50503296,-5.489873409,C2,0,-34.39808426,-16.3654565,,,,
PAAM,C2,0,-24.29341999,-0.047215269,C1,0,2.288087557,-1.273917234,,,,
PAAM,C2,14.95604248,-8.755557548,10.7414179,C1,21.07903455,14.27779787,3.132892639,,,,
PAAM,C2,14.54246735,-11.00022507,7.523631056,C1,18.72467927,11.70443726,2.508871337,,,,
PAAM,C2,13.48214716,-14.00381387,5.45506704,C1,16.28340638,9.150772808,1.443185854,,,,
PAAM,C2,11.25748484,-16.59220205,4.164365115,C1,13.66728762,6.81303523,0.147805342,,,,
PAAM,C2,8.335825304,-18.62521572,3.501494391,C1,10.73391961,4.857525243,-0.943605282,,,,
PAAM,C2,5.466226991,-20.71276721,3.179811876,C1,7.367378529,3.418508111,-1.396003337,,,,
PAAM,C2,2.700047586,-23.04842308,1.40845806,C1,3.726288996,2.562635612,-1.359194382,,,,
PAOM,C1,0,-1.050027243,9.008440057,skull,0,-122.9675128,-57.55127876,,,,
PAOM,C1,19.6721822,15.47341661,13.22026529,skull,23.47198371,-103.2705331,-60.56222774,,,,
PAOM,C1,18.54579072,12.34166335,9.975356485,skull,22.44270759,-107.4072728,-60.14069488,,,,
PAOM,C1,16.11058185,9.603632041,9.505356294,skull,20.18339497,-111.3124356,-60.02025692,,,,
PAOM,C1,13.27666375,6.949951864,9.986832081,skull,18.2479677,-115.2540371,-60.14069488,,,,
PAOM,C1,10.2249463,4.537732923,10.45792322,skull,14.61608474,-118.3867975,-60.6826657,,,,
PAOM,C1,6.980645732,2.452271788,10.4006747,skull,10.2883335,-120.6809908,-59.17719121,,,,
PAOM,C1,3.571909185,0.310001529,9.537704722,skull,5.305775836,-122.2948371,-57.97281162,,,,
LF,T1,0,-20.12819523,5.576129146,C7,0,-27.18349052,-4.317255941,,,,
LF,T1,13.04,-11.56410362,11.14122045,C7,12.9811024,-18.44071665,-3.637453025,,,,
LF,T1,11.9965,-13.10400552,9.559053852,C7,11.16952269,-19.73069612,-3.635938982,,,,
LF,T1,10.2903,-14.5049149,8.721275144,C7,9.27742286,-21.01661019,-4.217483673,,,,
LF,T1,8.4342,-15.84200308,8.067015115,C7,7.374846069,-22.35743522,-4.82074063,,,,
LF,T1,6.4822,-17.19362949,7.407380138,C7,5.517817006,-23.78518337,-4.654451662,,,,
LF,T1,4.43365,-18.55888324,6.636091475,C7,3.693104204,-25.20499208,-4.119606977,,,,
LF,T1,2.2646,-19.67653175,5.903037547,C7,1.859340881,-26.55985466,-4.216831549,,,,
CL,T1,19.2675,-5.2673341,20.23929248,C7,18.68637339,-8.46742047,10.0261496,,,,
CL,T1,21.8475,-5.730198843,20.12147384,C7,21.04049245,-10.50056617,10.17230904,,,,
CL,T1,23.9145,-7.682406227,19.93279799,C7,21.91209692,-13.29964855,8.846278111,,,,
CL,T1,25.374,-10.04459245,19.21939401,C7,22.71582248,-16.02296084,6.673207973,,,,
CL,T1,25.235,-11.68783124,16.95932957,C7,23.45216101,-18.0735677,3.889131968,,,,
CL,T1,23.557,-11.89241729,14.59145847,C7,22.69713119,-19.44759742,0.787914115,,,,
CL,T1,21.4735,-11.7761568,12.60874675,C7,20.65584533,-20.18906699,-1.624684378,,,,
CL,T1,19.108,-11.93546411,11.27046299,C7,18.24860365,-19.84445277,-3.242419661,,,,
CL,T1,16.1435,-12.09409945,10.73204393,C7,15.75528366,-18.72530897,-3.749983261,,,,
CL,T1,13.096,-11.74839724,11.12639274,C7,13.17440971,-17.50919757,-3.049872585,,,,
CL,T1,10.8392,-11.0343467,12.45654041,C7,11.3695687,-16.24997936,-1.017218085,,,,
CL,T1,10.83765,-9.348070478,14.30605427,C7,11.39086694,-14.47917362,2.240888396,,,,
CL,T1,12.2885,-7.313774246,16.44415836,C7,12.05588344,-12.45014935,5.381846857,,,,
CL,T1,13.971,-5.907394871,18.51003766,C7,13.17145845,-10.36884192,7.520312622,,,,
CL,T1,15.921,-5.736805093,19.95910818,C7,15.33866459,-8.66509201,8.486323012,,,,
LF,C7,0,-23.12724368,11.90327449,C6,0,-29.67774656,-2.318096165,,,,
LF,C7,10.82250409,-14.75420226,16.52954565,C6,9.416118949,-18.3155732,-1.650754878,,,,
LF,C7,9.648789322,-16.51010697,15.76216264,C6,8.025292515,-19.93404084,-1.845552231,,,,
LF,C7,8.290030758,-18.14425024,14.89675859,C6,6.741343026,-21.5690218,-2.044296391,,,,
LF,C7,6.941011341,-19.67303372,13.78068159,C6,5.495647765,-23.32831923,-2.144734273,,,,
LF,C7,5.494551266,-21.04187317,12.80093109,C6,4.219080671,-25.26141936,-2.222702861,,,,
LF,C7,3.841749164,-22.1316303,12.15078198,C6,2.862691432,-27.3187822,-2.266361735,,,,
LF,C7,1.976618901,-22.86384187,11.93434254,C6,1.44529257,-28.99700266,-2.283412221,,,,
CL,C7,19.27613285,-6.751614428,25.24816646,C6,15.97869057,-6.375006649,8.052134559,,,,
CL,C7,21.60270684,-6.744328443,26.34729659,C6,18.16908071,-7.728435527,7.792664585,,,,
CL,C7,24.24604905,-8.267529584,26.9143423,C6,19.88213191,-10.55217656,8.782014512,,,,
CL,C7,26.03254308,-9.574701841,25.66664243,C6,20.71474862,-13.89068746,7.920076621,,,,
CL,C7,26.65771762,-11.27707949,23.16642579,C6,21.43788776,-16.05282427,5.226990204,,,,
CL,C7,26.04779124,-13.03404138,20.27920967,C6,20.98949116,-18.14233852,2.423242289,,,,
CL,C7,24.1894833,-13.92850039,17.87920113,C6,19.61452009,-19.30583158,0.032848432,,,,
CL,C7,22.01686653,-14.24944331,16.14446542,C6,17.51305425,-19.13675142,-1.20692837,,,,
CL,C7,19.90671802,-14.00342798,15.80324231,C6,15.31679175,-18.65721985,-1.860429741,,,,
CL,C7,17.22205821,-13.78319135,16.54807527,C6,13.04334966,-18.24246691,-2.337385447,,,,
CL,C7,14.55953283,-13.2905656,17.18136337,C6,11.26150797,-16.92972814,-1.511556018,,,,
CL,C7,13.04996505,-12.18892965,19.07862522,C6,11.06352555,-14.83247745,1.486069191,,,,
CL,C7,13.22802421,-10.72095455,22.1439066,C6,11.4565542,-12.03748579,3.946356079,,,,
CL,C7,14.57773225,-9.368313709,24.72508416,C6,12.39613174,-8.719561817,5.379458233,,,,
CL,C7,16.56048485,-7.981235948,25.78512951,C6,14.145256,-6.630139788,6.582948862,,,,
LF,C6,0,-22.92998678,10.94438027,C5,0,-25.86247251,-1.165046307,,,,
LF,C6,9.836496008,-13.82600442,15.5526561,C5,9.44455773,-15.1689749,-1.246839904,,,,
LF,C6,8.589458494,-15.38617441,14.34764175,C5,7.900358529,-16.73315318,-1.189941558,,,,
LF,C6,7.435330099,-17.26020517,13.19563121,C5,6.347832942,-18.31427758,-0.95278711,,,,
LF,C6,6.259180354,-18.99981413,11.88372023,C5,5.052288032,-20.24193071,-1.518858203,,,,
LF,C6,4.940416162,-20.43085685,10.83758706,C5,3.966933576,-22.57343905,-2.838322513,,,,
LF,C6,3.397789231,-21.67222852,10.54089017,C5,2.775448172,-24.46978175,-3.153357151,,,,
LF,C6,1.71417114,-22.622534,10.8258355,C5,1.377630882,-25.32491023,-1.792865239,,,,
CL,C6,15.474926,-7.872908316,19.91992239,C5,14.89813691,-5.352997728,7.616970981,,,,
CL,C6,17.35533945,-7.763918747,20.97012224,C5,17.33065986,-5.649745049,7.252064869,,,,
CL,C6,19.21561909,-8.648961861,20.50255284,C5,19.12306657,-8.078395207,6.953830834,,,,
CL,C6,20.68119228,-10.39928663,19.12407129,C5,20.09501973,-10.68235402,5.090662716,,,,
CL,C6,21.40475087,-12.82567124,17.26395946,C5,20.34156196,-13.3567127,2.540260034,,,,
CL,C6,20.9047614,-15.33252234,15.44862495,C5,19.53532418,-15.3427768,0.126417297,,,,
CL,C6,19.62668427,-15.93799077,12.99957483,C5,17.66412143,-17.28661063,-0.50407019,,,,
CL,C6,17.80289715,-16.40767047,12.18321444,C5,15.37050695,-17.96168303,-0.699212902,,,,
CL,C6,15.78616106,-17.07471917,12.08779434,C5,13.04318077,-17.14307422,-1.393683444,,,,
CL,C6,13.82227622,-16.69701274,12.11405953,C5,10.72357172,-16.22614192,-1.456585373,,,,
CL,C6,12.08951067,-14.9985086,12.77605206,C5,8.933195834,-14.36689599,0.136417041,,,,
CL,C6,10.69943926,-13.62504556,14.83257382,C5,8.756920168,-12.89796404,3.059719935,,,,
CL,C6,10.47125614,-12.02856231,17.26244608,C5,9.94901482,-10.6015933,5.351510275,,,,
CL,C6,11.66753969,-9.863914584,18.67594443,C5,10.86044937,-7.254394842,6.566460446,,,,
CL,C6,13.53285278,-8.223458595,19.19604421,C5,12.5687799,-5.131613542,7.17124562,,,,
LF,C5,0,-25.71847695,7.309963367,C4,0,-23.66637646,-4.972436945,,,,
LF,C5,9.228477882,-14.60140445,13.86126012,C4,9.713302067,-11.88444442,-1.265114233,,,,
LF,C5,7.813236109,-14.81399218,12.35013583,C4,8.53889997,-13.85189148,-2.325298907,,,,
LF,C5,6.63962197,-16.31357837,10.8896972,C4,7.189637634,-15.85694718,-2.858503629,,,,
LF,C5,5.571854464,-18.59363168,9.580441742,C4,5.965702637,-17.8664599,-3.627818518,,,,
LF,C5,4.474111972,-21.13306207,8.464549363,C4,4.790000464,-19.96959561,-4.759087624,,,,
LF,C5,3.212197534,-23.45980152,7.758092119,C4,3.512242316,-22.06998401,-5.713327452,,,,
LF,C5,1.715194721,-25.08459592,7.313315301,C4,1.983612811,-23.44826619,-5.542172974,,,,
CL,C5,17.40864357,-1.364463591,21.20038237,C4,18.7258631,-1.050076185,5.244771557,,,,
CL,C5,19.63564697,-1.123265913,20.08532108,C4,20.80425146,-1.899015783,4.108013899,,,,
CL,C5,21.06250506,-3.017688995,18.30172113,C4,22.26120344,-3.522768909,2.076850594,,,,
CL,C5,21.11530653,-6.07953988,16.28649961,C4,22.80290182,-6.118699199,0.253225829,,,,
CL,C5,20.32531535,-9.141345186,14.57731758,C4,22.33617449,-8.999796949,-1.183453883,,,,
CL,C5,19.01786981,-11.60678849,13.10886794,C4,20.94335961,-11.52046386,-1.35035964,,,,
CL,C5,17.22586926,-14.03992803,13.17697974,C4,19.22985928,-12.97934036,0.3456947,,,,
CL,C5,15.04557485,-15.48578098,13.56338468,C4,16.90575653,-13.39318638,0.308617099,,,,
CL,C5,12.69875274,-15.23341747,12.94018744,C4,14.6245563,-12.9287261,0.350229371,,,,
CL,C5,10.63705855,-14.05267634,13.72530525,C4,12.48853123,-11.86171715,0.033331644,,,,
CL,C5,9.897025683,-12.2718613,16.34325024,C4,11.06148101,-9.85370202,1.038223211,,,,
CL,C5,10.4116369,-9.410484569,18.31869703,C4,11.82332561,-7.595033169,3.008414934,,,,
CL,C5,11.60576238,-7.238167851,20.40225636,C4,12.80965003,-5.046203163,4.415325867,,,,
CL,C5,13.30109562,-4.940357401,21.59262272,C4,14.48371472,-2.832965798,5.143965293,,,,
CL,C5,15.29292941,-2.877952269,21.51216207,C4,16.49883271,-1.395155296,5.449565822,,,,
LF,C4,0,-23.9339505,8.439108844,C3,0,-24.07177771,-6.530761559,,,,
LF,C4,10.39454195,-11.47934077,11.44063833,C3,11.80964615,-12.10565455,-3.90186315,,,,
LF,C4,9.094899191,-13.56605141,10.95904563,C3,9.860931716,-13.46101449,-3.799945523,,,,
LF,C4,7.663602053,-15.42566107,10.3210164,C3,8.034034679,-15.08176136,-3.652746065,,,,
LF,C4,6.114951376,-17.13402341,9.696537824,C3,6.347241295,-16.90948324,-3.763638041,,,,
LF,C4,4.576224614,-18.86858607,9.069711891,C3,4.800597051,-18.85462624,-4.065804569,,,,
LF,C4,3.296646359,-20.93660739,8.413010481,C3,3.343428093,-20.78488781,-4.673985455,,,,
LF,C4,1.863399106,-22.93132811,8.175370261,C3,1.830672557,-22.7736374,-5.654015637,,,,
CL,C4,17.68450213,-2.155582719,17.7562567,C3,18.33583802,-1.069505141,4.931723522,,,,
CL,C4,20.10957746,-2.383125834,17.7947982,C3,20.6671082,-2.676073917,6.184685288,,,,
CL,C4,21.94745173,-3.914848111,16.89150673,C3,22.58489066,-4.212628683,4.741023182,,,,
CL,C4,23.08978529,-6.044915063,15.4042585,C3,24.07462917,-5.987784707,2.42351631,,,,
CL,C4,22.62695819,-8.13743217,12.97753107,C3,24.67962221,-7.972669256,-0.275015958,,,,
CL,C4,21.32991558,-10.01917363,11.0411093,C3,23.74620437,-10.10801252,-2.798526545,,,,
CL,C4,19.59864754,-11.35994689,9.388865217,C3,22.16185041,-12.33848585,-3.54768885,,,,
CL,C4,17.31614723,-11.92554117,8.807842659,C3,19.64771767,-13.3422904,-3.30167467,,,,
CL,C4,15.03104676,-12.32279092,8.831179675,C3,17.00758261,-12.86114673,-2.597264662,,,,
CL,C4,12.74421287,-12.58191139,9.338313775,C3,14.82005514,-11.65903823,-3.445081792,,,,
CL,C4,11.31282906,-11.11734085,10.58915521,C3,12.60023104,-10.33678966,-2.935173865,,,,
CL,C4,11.39863408,-8.7590944,12.92183464,C3,11.63952029,-8.607470238,-0.374914204,,,,
CL,C4,12.17651296,-6.681982636,15.28825416,C3,12.48241661,-6.095794539,1.557594818,,,,
CL,C4,13.60486326,-4.454318725,16.37175237,C3,13.71605656,-3.793623668,3.293242365,,,,
CL,C4,15.64338262,-2.70008795,16.52891873,C3,15.85946048,-2.317304971,4.610482915,,,,
LF,C3,0,-22.97819769,7.408247983,C2,0,-20.18823906,-10.76950073,,,,
LF,C3,11.14278916,-13.12884882,8.865198316,C2,13.58516405,-11.70625966,-8.171326925,,,,
LF,C3,9.829544859,-14.86207019,8.146205401,C2,12.15900826,-13.38902757,-9.180049188,,,,
LF,C3,8.364051561,-16.49464981,7.740235894,C2,10.36852445,-14.88887892,-9.74581584,,,,
LF,C3,6.769508243,-17.98164356,7.588633206,C2,8.399947037,-16.22230742,-9.988671221,,,,
LF,C3,5.080576914,-19.29034823,7.509231165,C2,6.402826412,-17.49095141,-9.810086208,,,,
LF,C3,3.444229942,-20.62688326,7.182606795,C2,4.403343937,-18.75494782,-9.864735471,,,,
LF,C3,1.810020915,-22.0516323,6.973397183,C2,2.267678157,-19.77181684,-10.34253726,,,,
CL,C3,17.50840768,-6.499959423,15.83541697,C2,19.1536039,-2.179793613,-0.057585554,,,,
CL,C3,19.78145297,-7.560651538,15.95521276,C2,21.01695332,-3.553124112,0.043412876,,,,
CL,C3,21.38718639,-8.48447037,13.75074187,C2,22.76824047,-5.61488673,-0.624693852,,,,
CL,C3,22.24600358,-9.731308579,11.15837197,C2,23.8200178,-7.554707653,-2.265434645,,,,
CL,C3,22.20642885,-11.35314168,8.420483397,C2,23.98233222,-8.83082827,-4.897180168,,,,
CL,C3,21.3212285,-12.73414351,5.635823145,C2,23.13608615,-10.3271852,-7.217915904,,,,
CL,C3,19.45712212,-13.32229386,3.513101463,C2,21.255651,-11.75925484,-8.47357978,,,,
CL,C3,17.29051921,-13.47293937,3.381194563,C2,18.72997834,-11.7724616,-9.587868602,,,,
CL,C3,15.02884597,-14.08020749,3.589884046,C2,16.22892924,-11.64320781,-9.505807615,,,,
CL,C3,13.03100428,-14.45772756,5.347099095,C2,14.20778809,-10.92115201,-8.028336418,,,,
CL,C3,11.88834073,-13.39170825,7.928498303,C2,12.99721399,-9.484005982,-5.77690486,,,,
CL,C3,11.12095482,-11.50731786,9.822948522,C2,13.30626466,-7.304551763,-4.209560373,,,,
CL,C3,12.14216488,-9.132746097,11.13330465,C2,13.98416606,-5.665029587,-2.096830896,,,,
CL,C3,13.74698853,-7.830994375,12.99240487,C2,14.92337859,-3.517170818,-0.418200475,,,,
CL,C3,15.1871449,-7.142202285,15.42814996,C2,16.47566725,-2.180989726,0.937039728,,,,
CL,C2,14.57965394,11.09154003,17.0480692,C1,14.56122505,34.35941548,-0.449140055,,,,
CL,C2,17.64201947,10.61574239,14.79616606,C1,17.61496384,33.76815872,1.266087307,,,,
CL,C2,20.65061521,8.62954531,13.20549903,C1,20.44635526,32.08766951,-0.645315958,,,,
CL,C2,22.10541472,5.183418537,12.40230045,C1,22.60009259,29.41026431,-1.411801593,,,,
CL,C2,22.24310558,1.198260265,12.0861307,C1,23.56073423,26.16339312,-2.153795908,,,,
CL,C2,21.48630833,-2.575635824,11.63287726,C1,23.67140257,22.76055556,-2.448265398,,,,
CL,C2,19.64456733,-6.004198,11.59364009,C1,22.44293344,19.63170097,-1.652475471,,,,
CL,C2,16.72441536,-8.23137518,12.06581033,C1,19.83944805,18.13762422,0.90974462,,,,
CL,C2,13.46757404,-7.602563093,13.23369826,C1,16.44713489,18.45330325,2.292088857,,,,
CL,C2,11.89066182,-4.812503484,15.79005418,C1,13.46919634,20.10901879,3.396392897,,,,
CL,C2,10.22425055,-1.739596156,17.57864215,C1,11.27098954,22.71623505,4.45977525,,,,
CL,C2,8.61211158,1.610176139,18.71541294,C1,9.628448991,25.78944324,4.915360315,,,,
CL,C2,7.876671483,5.379827956,19.98717594,C1,8.95377637,29.03592053,4.114511727,,,,
CL,C2,8.389896609,9.001792149,20.06163714,C1,9.362086967,32.11179113,2.512835832,,,,
CL,C2,10.98330915,11.04930842,18.5619024,C1,11.22055712,34.60797002,1.817725236,,,,
CL,C1,15.0599906,35.38651923,20.15162084,skull,18.42446702,-84.16088599,-55.74470937,,,,
CL,C1,19.22597149,34.35583456,19.68166142,skull,22.98494263,-85.45589456,-55.98558529,,,,
CL,C1,21.2114323,31.55276522,17.74506802,skull,26.82789693,-87.57220994,-57.18996488,,,,
CL,C1,22.05382557,27.74980784,15.92494685,skull,30.03399802,-90.3602421,-57.85237366,,,,
CL,C1,22.77291713,24.0265234,16.08507609,skull,32.41037033,-93.71786707,-57.91259264,,,,
CL,C1,23.7441708,20.77910338,18.72270313,skull,32.56928037,-97.44850821,-58.27390652,,,,
CL,C1,23.62491176,16.5093037,18.90633663,skull,30.24628243,-100.8056537,-58.63522039,,,,
CL,C1,20.21592255,17.76863488,19.29299301,skull,26.02121618,-102.4487468,-59.71916202,,,,
CL,C1,16.27279435,17.43134442,17.98504775,skull,21.99023854,-101.600111,-60.9837606,,,,
CL,C1,13.34741063,19.75461557,15.68104412,skull,19.78551334,-99.29776703,-59.53850509,,,,
CL,C1,12.43831315,22.38818671,11.52695736,skull,18.3607817,-96.40041908,-61.28485549,,,,
CL,C1,11.25027081,25.82113901,10.71808895,skull,16.47205699,-93.08834236,-60.9837606,,,,
CL,C1,9.593176615,29.39572701,11.29904994,skull,13.92707021,-89.86927995,-60.32135182,,,,
CL,C1,9.787629484,32.64347567,14.31856152,skull,11.79573475,-86.3721335,-60.0804759,,,,
CL,C1,11.80260185,35.50230547,17.50173857,skull,13.07793258,-83.44170314,-58.93631529,,,,
transverse ligament,C1,-8.933613508,28.55598748,7.514750208,C1,9.852716618,28.15214412,6.797423347,C2,0.508189861,-3.531231341,26.83794039
apical ligament,C2,0,1.199085124,34.12498221,skull,0,-86.78897188,-46.73595003,,,,
alar ligament,C2,4.118112779,-1.416527999,29.77462676,skull,12.49912397,-87.70856701,-60.06241021,,,,